Date,Open,High,Low,Close,Volume
2010-01-04,6.383612,6.415616,6.352207,6.400960,493729600.000000
2010-01-05,6.418607,6.448218,6.378229,6.412027,601904800.000000
2010-01-06,6.412025,6.437448,6.303453,6.310033,552160000.000000
2010-01-07,6.333365,6.340842,6.252608,6.298370,477131200.000000
2010-01-08,6.289996,6.340842,6.252908,6.340244,447610800.000000
2010-01-11,6.364769,6.370751,6.234662,6.284313,462229600.000000
2010-01-12,6.256796,6.274144,6.173946,6.212829,594459600.000000
2010-01-13,6.217316,6.308839,6.104556,6.300464,605892000.000000
2010-01-14,6.284312,6.294780,6.251710,6.263973,432894000.000000
2010-01-15,6.308840,6.328880,6.157497,6.159292,594067600.000000
2010-01-19,6.231074,6.436254,6.198473,6.431767,730007600.000000
2010-01-20,6.427880,6.447022,6.266069,6.332768,612152800.000000
2010-01-21,6.343234,6.380023,6.197574,6.223296,608154400.000000
2010-01-22,6.184715,6.206250,5.896985,5.914631,881767600.000000
2010-01-25,6.056999,6.122501,5.987609,6.073749,1065699600.000000
2010-01-26,6.159888,6.391987,6.059093,6.159589,1867110000.000000
2010-01-27,6.186806,6.298369,5.967868,6.217614,1722568400.000000
2010-01-28,6.129381,6.146430,5.943044,5.960690,1173502400.000000
2010-01-29,6.014227,6.047726,5.690306,5.744442,1245952400.000000
2010-02-01,5.753714,5.862286,5.721711,5.824301,749876400.000000
2010-02-02,5.859595,5.871858,5.783923,5.858099,698342400.000000
2010-02-03,5.837460,5.987906,5.815028,5.958893,615328000.000000
2010-02-04,5.884121,5.933173,5.729788,5.744145,757652000.000000
2010-02-05,5.761491,5.862287,5.708252,5.846135,850306800.000000
2010-02-08,5.853015,5.918517,5.802467,5.806056,478270800.000000
2010-02-09,5.874849,5.907151,5.824900,5.867970,632886800.000000
2010-02-10,5.858998,5.880235,5.810246,5.835968,370361600.000000
2010-02-11,5.828789,5.974449,5.804262,5.942146,550345600.000000
2010-02-12,5.925398,6.030979,5.847334,5.993293,655468800.000000
2010-02-16,6.039951,6.092293,6.027389,6.083619,543737600.000000
2010-02-17,6.107248,6.110838,6.007649,6.058197,436396800.000000
2010-02-18,6.030679,6.098275,6.009443,6.069562,422825200.000000
2010-02-19,6.037558,6.077637,6.015126,6.031875,415469600.000000
2010-02-22,6.051916,6.056701,5.957700,5.994489,390563600.000000
2010-02-23,5.981925,6.021705,5.853613,5.893991,575094800.000000
2010-02-24,5.928986,6.024996,5.917321,6.001667,460566400.000000
2010-02-25,5.903563,6.067468,5.888908,6.041746,665126000.000000
2010-02-26,6.053111,6.136558,6.041745,6.120108,507460800.000000
2010-03-01,6.153906,6.266067,6.144933,6.250814,550093600.000000
2010-03-02,6.278930,6.305849,6.213428,6.246628,566546400.000000
2010-03-03,6.249319,6.277135,6.219410,6.260983,372052800.000000
2010-03-04,6.259488,6.308539,6.240046,6.302258,366041200.000000
2010-03-05,6.428777,6.571147,6.419505,6.548715,899620400.000000
2010-03-08,6.580419,6.582811,6.527778,6.552603,429889600.000000
2010-03-09,6.529572,6.729667,6.517010,6.670446,920259200.000000
2010-03-10,6.694672,6.744023,6.675829,6.724881,596218000.000000
2010-03-11,6.697068,6.744623,6.679421,6.744623,405700400.000000
2010-03-12,6.800553,6.811321,6.752100,6.777523,416323600.000000
2010-03-15,6.741033,6.744622,6.587596,6.694973,493502800.000000
2010-03-16,6.705140,6.729067,6.655191,6.713215,446908000.000000
2010-03-17,6.726675,6.773035,6.677923,6.703346,450956800.000000
2010-03-18,6.702749,6.729668,6.658184,6.719200,342109600.000000
2010-03-19,6.723388,6.736847,6.616909,6.647417,559445600.000000
2010-03-22,6.594176,6.759576,6.584604,6.722188,456419600.000000
2010-03-23,6.748808,6.842724,6.702747,6.830162,602431200.000000
2010-03-24,6.808627,6.885196,6.804739,6.860371,597780400.000000
2010-03-25,6.906733,6.908229,6.767054,6.779018,542284400.000000
2010-03-26,6.847811,6.937539,6.835847,6.906135,640875200.000000
2010-03-29,6.968946,6.994967,6.927671,6.950701,540744400.000000
2010-03-30,7.076618,7.102939,7.006330,7.054185,527310000.000000
2010-03-31,7.043420,7.076919,7.012613,7.028764,430659600.000000
2010-04-01,7.100844,7.140324,6.961465,7.057774,603145200.000000
2010-04-05,7.028164,7.133745,7.021883,7.133147,684507600.000000
2010-04-06,7.124475,7.185491,7.088584,7.164554,447017200.000000
2010-04-07,7.164852,7.235738,7.138232,7.196258,628502000.000000
2010-04-08,7.191472,7.224372,7.119688,7.176816,572989200.000000
2010-04-09,7.221084,7.234843,7.192072,7.231851,334182800.000000
2010-04-12,7.244112,7.270133,7.232447,7.246804,333026400.000000
2010-04-13,7.233946,7.262061,7.211513,7.250994,306210800.000000
2010-04-14,7.336235,7.352087,7.300044,7.348497,404076400.000000
2010-04-15,7.351190,7.448396,7.343114,7.445107,376784800.000000
2010-04-16,7.434638,7.511507,7.314402,7.399644,750545600.000000
2010-04-19,7.388574,7.414296,7.231249,7.389771,566924400.000000
2010-04-20,7.433741,7.454977,7.266845,7.315598,738326400.000000
2010-04-21,7.740615,7.783985,7.648793,7.753178,982391200.000000
2010-04-22,7.723868,7.978399,7.662851,7.970024,793424800.000000
2010-04-23,8.015481,8.140802,7.985871,8.100425,796955600.000000
2010-04-26,8.131833,8.149180,8.021466,8.060648,479068800.000000
2010-04-27,7.993949,8.010997,7.792059,7.837522,709343600.000000
2010-04-28,7.873712,7.896144,7.669130,7.824361,758402400.000000
2010-04-29,7.866834,8.075603,7.836625,8.034926,558840800.000000
2010-04-30,8.054962,8.092648,7.806414,7.809106,542463600.000000
2010-05-03,7.891355,8.012191,7.862642,7.966428,454342000.000000
2010-05-04,7.862947,7.874910,7.679301,7.737026,723819600.000000
2010-05-05,7.568033,7.720871,7.439421,7.656565,883103200.000000
2010-05-06,7.591962,7.724163,5.959494,7.365248,1285860800.000000
2010-05-07,7.289275,7.374817,6.735947,7.054484,1676018400.000000
2010-05-10,7.484885,7.616487,7.433440,7.596746,984306400.000000
2010-05-11,7.532442,7.773215,7.492363,7.672420,848906800.000000
2010-05-12,7.753771,7.870120,7.737621,7.839014,654379600.000000
2010-05-13,7.872811,7.926051,7.668828,7.727451,599712400.000000
2010-05-14,7.631742,7.671223,7.462454,7.591663,759362800.000000
2010-05-17,7.617984,7.662250,7.408915,7.603627,762834800.000000
2010-05-18,7.686177,7.733135,7.485184,7.547995,782678400.000000
2010-05-19,7.462453,7.564744,7.323374,7.427758,1025726800.000000
2010-05-20,7.234539,7.293462,7.064952,7.111312,1282915200.000000
2010-05-21,6.963561,7.312906,6.919594,7.247704,1223891200.000000
2010-05-24,7.396053,7.504326,7.365545,7.380499,754238800.000000
2010-05-25,7.158867,7.380497,7.093365,7.334437,1048006400.000000
2010-05-26,7.479799,7.541114,7.290470,7.301238,850654000.000000
2010-05-27,7.495354,7.593757,7.450789,7.577606,666282400.000000
2010-05-28,7.758259,7.758558,7.577604,7.683186,815614800.000000
2010-06-01,7.767230,7.954165,7.745396,7.801327,876472800.000000
2010-06-02,7.912293,7.920070,7.786374,7.894648,688548000.000000
2010-06-03,7.931435,7.942503,7.788767,7.869823,650106800.000000
2010-06-04,7.722970,7.833336,7.615894,7.655674,758304400.000000
2010-06-07,7.725359,7.751081,7.493858,7.505524,886942000.000000
2010-06-08,7.574315,7.591065,7.347301,7.457368,1000770400.000000
2010-06-09,7.521377,7.534239,7.252789,7.274024,854630000.000000
2010-06-10,7.323076,7.506721,7.244114,7.492664,776356000.000000
2010-06-11,7.424467,7.592858,7.398745,7.582390,545759200.000000
2010-06-14,7.655672,7.751083,7.597348,7.605423,602960400.000000
2010-06-15,7.646099,7.772019,7.641912,7.767233,585074000.000000
2010-06-16,7.809405,8.008304,7.795348,7.993350,783678000.000000
2010-06-17,8.093547,8.162340,8.060646,8.131533,872855200.000000
2010-06-18,8.142899,8.225151,8.118074,8.197334,784621600.000000
2010-06-21,8.305606,8.345086,8.037616,8.080686,776490400.000000
2010-06-22,8.140204,8.254159,8.120464,8.190751,717262000.000000
2010-06-23,8.212587,8.214979,8.012790,8.104612,768457200.000000
2010-06-24,8.105510,8.171312,8.018772,8.045691,714277200.000000
2010-06-25,8.077391,8.083672,7.950275,7.976894,549942400.000000
2010-06-28,7.983777,8.068123,7.911695,8.024754,584948000.000000
2010-06-29,7.899731,7.907807,7.606019,7.661950,1133344800.000000
2010-06-30,7.678104,7.715790,7.477710,7.523172,739452000.000000
2010-07-01,7.606016,7.620972,7.274618,7.431942,1022896000.000000
2010-07-02,7.492063,7.505224,7.274022,7.385885,693842800.000000
2010-07-06,7.507316,7.561153,7.362553,7.436430,615235600.000000
2010-07-07,7.492061,7.739713,7.469929,7.736722,654556000.000000
2010-07-08,7.850680,7.863242,7.623665,7.719376,738144400.000000
2010-07-09,7.683484,7.773512,7.631741,7.765138,433322400.000000
2010-07-12,7.732537,7.831837,7.622769,7.695449,562878400.000000
2010-07-13,7.666439,7.668831,7.370632,7.531247,1190924000.000000
2010-07-14,7.458865,7.650883,7.447498,7.559061,812047600.000000
2010-07-15,7.424467,7.685877,7.396651,7.520776,824866000.000000
2010-07-16,7.572518,7.626056,7.429850,7.474415,1039858400.000000
2010-07-19,7.473822,7.473822,7.166351,7.345210,1024478000.000000
2010-07-20,7.265050,7.564146,7.178611,7.533937,1074950800.000000
2010-07-21,7.928744,7.930538,7.597047,7.604224,1185671200.000000
2010-07-22,7.707114,7.776504,7.636228,7.747193,645318800.000000
2010-07-23,7.689466,7.787869,7.665239,7.774708,533388800.000000
2010-07-26,7.776506,7.779497,7.708013,7.754971,420551600.000000
2010-07-27,7.802524,7.920069,7.785476,7.898534,584771600.000000
2010-07-28,7.886271,7.955661,7.783980,7.805215,519985200.000000
2010-07-29,7.797739,7.855763,7.659856,7.719974,643806800.000000
2010-07-30,7.653575,7.767530,7.623964,7.694252,448210000.000000
2010-08-02,7.789664,7.853970,7.765139,7.831837,428055600.000000
2010-08-03,7.806713,7.874009,7.759157,7.834230,417653600.000000
2010-08-04,7.861448,7.904518,7.785777,7.865636,420375200.000000
2010-08-05,7.828251,7.871620,7.792957,7.827354,289097200.000000
2010-08-06,7.769927,7.821074,7.705621,7.779200,444897600.000000
2010-08-09,7.820767,7.840808,7.763641,7.828844,303128000.000000
2010-08-10,7.772019,7.789965,7.703226,7.758858,451920000.000000
2010-08-11,7.638920,7.647594,7.471725,7.483090,620054400.000000
2010-08-12,7.378408,7.570129,7.361360,7.530948,534920400.000000
2010-08-13,7.526760,7.533639,7.450191,7.450490,354869200.000000
2010-08-16,7.405029,7.477710,7.376316,7.406824,318430000.000000
2010-08-17,7.479801,7.615891,7.453480,7.536331,422640400.000000
2010-08-18,7.547993,7.617084,7.524663,7.569228,339696000.000000
2010-08-19,7.562350,7.581493,7.437926,7.473818,426706000.000000
2010-08-20,7.459160,7.594651,7.447495,7.466638,384230000.000000
2010-08-23,7.530948,7.537229,7.335339,7.351789,414041600.000000
2010-08-24,7.258169,7.268038,7.137932,7.176217,602565600.000000
2010-08-25,7.119690,7.297652,7.094566,7.264751,596867600.000000
2010-08-26,7.341316,7.350289,7.186683,7.186683,466505200.000000
2010-08-27,7.230656,7.256378,7.045515,7.226768,548391200.000000
2010-08-30,7.201045,7.350295,7.198652,7.253088,383289200.000000
2010-08-31,7.233643,7.314699,7.188780,7.271031,420786800.000000
2010-09-01,7.401734,7.521073,7.366142,7.487276,697037600.000000
2010-09-02,7.515092,7.542310,7.434636,7.542310,415427600.000000
2010-09-03,7.629647,7.740013,7.612000,7.739715,520788800.000000
2010-09-07,7.676007,7.762446,7.664343,7.711002,342557600.000000
2010-09-08,7.769923,7.907807,7.749584,7.863840,526551200.000000
2010-09-09,7.927249,7.971514,7.863841,7.868327,438575200.000000
2010-09-10,7.871914,7.911096,7.818376,7.878494,387542400.000000
2010-09-13,7.950575,8.024153,7.948781,7.987065,388780000.000000
2010-09-14,7.962247,8.050779,7.941609,8.017580,408150400.000000
2010-09-15,8.020866,8.086966,8.010995,8.082180,429368800.000000
2010-09-16,8.082778,8.275096,8.060645,8.272105,652103200.000000
2010-09-17,8.305605,8.313681,8.185668,8.236216,634477200.000000
2010-09-20,8.257448,8.487752,8.250569,8.471302,658677600.000000
2010-09-21,8.490145,8.594529,8.458141,8.487453,668074400.000000
2010-09-22,8.455750,8.613374,8.446777,8.606495,585289600.000000
2010-09-23,8.564025,8.756344,8.554155,8.641491,786116800.000000
2010-09-24,8.736604,8.779374,8.690244,8.743183,649488000.000000
2010-09-27,8.792831,8.815263,8.703999,8.708486,482834800.000000
2010-09-28,8.726730,8.726730,8.225147,8.579874,1035042400.000000
2010-09-29,8.590943,8.668110,8.554154,8.595130,469644000.000000
2010-09-30,8.643882,8.673791,8.412082,8.486856,673391600.000000
2010-10-01,8.558639,8.571500,8.415073,8.450068,448142800.000000
2010-10-04,8.422551,8.461433,8.307996,8.334019,435302000.000000
2010-10-05,8.434518,8.657344,8.429133,8.642091,501967200.000000
2010-10-06,8.661530,8.733313,8.532021,8.649566,670868800.000000
2010-10-07,8.683965,8.688152,8.581375,8.650466,408399600.000000
2010-10-08,8.724937,8.808385,8.673792,8.795524,658403200.000000
2010-10-11,8.815567,8.890341,8.811380,8.834110,427753200.000000
2010-10-12,8.835602,8.957933,8.748265,8.929219,558544000.000000
2010-10-13,8.978869,9.031510,8.966905,8.977075,630092400.000000
2010-10-14,9.023438,9.046768,8.984854,9.041983,435296400.000000
2010-10-15,9.195418,9.421535,9.119747,9.413758,922194000.000000
2010-10-18,9.525323,9.541174,9.400300,9.511266,1093010800.000000
2010-10-19,9.074582,9.384744,8.973487,9.256731,1232784000.000000
2010-10-20,9.242076,9.399102,9.178369,9.287838,721624400.000000
2010-10-21,9.342569,9.413754,9.176272,9.257627,551460000.000000
2010-10-22,9.244171,9.273183,9.161322,9.196316,372778000.000000
2010-10-25,9.244767,9.319839,9.225325,9.237289,392462000.000000
2010-10-26,9.178364,9.264205,9.141873,9.213657,392929600.000000
2010-10-27,9.201696,9.268992,9.140381,9.207080,399002800.000000
2010-10-28,9.210671,9.212167,8.999809,9.129617,551051200.000000
2010-10-29,9.099408,9.148758,8.998911,9.002201,430511200.000000
2010-11-01,9.039292,9.140387,9.038694,9.097915,423889200.000000
2010-11-02,9.182254,9.277665,9.182254,9.252840,433930000.000000
2010-11-03,9.312961,9.358125,9.228018,9.355732,508348400.000000
2010-11-04,9.434988,9.576461,9.422426,9.519334,642488000.000000
2010-11-05,9.510964,9.558221,9.473876,9.485241,361253200.000000
2010-11-08,9.487334,9.564202,9.474174,9.529806,281758400.000000
2010-11-09,9.602486,9.609964,9.406579,9.453835,383544000.000000
2010-11-10,9.470585,9.534293,9.378164,9.512160,384227200.000000
2010-11-11,9.421535,9.523228,9.399102,9.470886,361284000.000000
2010-11-12,9.451444,9.466399,9.081463,9.213064,795846800.000000
2010-11-15,9.225927,9.288139,9.160425,9.183455,403606000.000000
2010-11-16,9.143970,9.200200,8.952548,9.020443,657650000.000000
2010-11-17,9.008779,9.092227,8.905890,8.987843,479449600.000000
2010-11-18,9.128418,9.262114,9.113165,9.225026,494491200.000000
2010-11-19,9.211267,9.224128,9.129614,9.174179,384843200.000000
2010-11-22,9.172684,9.372480,9.148457,9.372480,393075200.000000
2010-11-23,9.285445,9.324329,9.169097,9.234000,519447600.000000
2010-11-24,9.331806,9.433499,9.324329,9.415553,413725200.000000
2010-11-26,9.383845,9.502287,9.359917,9.421531,237585600.000000
2010-11-29,9.436488,9.495709,9.313261,9.477465,445785200.000000
2010-11-30,9.377866,9.402392,9.298007,9.306382,501858000.000000
2010-12-01,9.429607,9.503783,9.421532,9.463406,461750800.000000
2010-12-02,9.497205,9.541172,9.418243,9.515749,462837200.000000
2010-12-03,9.481653,9.530705,9.461614,9.494514,342092800.000000
2010-12-06,9.530404,9.640771,9.523824,9.575568,448481600.000000
2010-12-07,9.684737,9.690419,9.514850,9.517542,391454000.000000
2010-12-08,9.560017,9.601592,9.484646,9.601293,321935600.000000
2010-12-09,9.634791,9.645857,9.541771,9.563905,294151200.000000
2010-12-10,9.560613,9.602486,9.529207,9.587831,262511200.000000
2010-12-13,9.701786,9.722424,9.600990,9.621029,439815600.000000
2010-12-14,9.622827,9.647054,9.541173,9.579757,351008000.000000
2010-12-15,9.571081,9.660810,9.546854,9.581849,417312000.000000
2010-12-16,9.603685,9.649148,9.574075,9.608471,322030800.000000
2010-12-17,9.619834,9.624619,9.577960,9.589326,386929200.000000
2010-12-20,9.618934,9.668286,9.518140,9.637179,385610400.000000
2010-12-21,9.660812,9.702386,9.632399,9.696704,256354000.000000
2010-12-22,9.701488,9.742165,9.677261,9.725415,265921600.000000
2010-12-23,9.720633,9.725119,9.665899,9.678760,223157200.000000
2010-12-27,9.656324,9.733790,9.616543,9.711058,249816000.000000
2010-12-28,9.747849,9.770281,9.722426,9.734689,175924000.000000
2010-12-29,9.757118,9.763998,9.723619,9.729302,163139200.000000
2010-12-30,9.734985,9.735882,9.662305,9.680550,157494400.000000
2010-12-31,9.659315,9.675167,9.610263,9.647651,193508000.000000
2011-01-03,9.739772,9.877955,9.715845,9.857317,445138400.000000
2011-01-04,9.943160,9.944954,9.814847,9.908764,309080800.000000
2011-01-05,9.856720,9.999987,9.855224,9.989818,255519600.000000
2011-01-06,10.011351,10.027203,9.956916,9.981741,300428800.000000
2011-01-07,9.989518,10.060104,9.927006,10.053226,311931200.000000
2011-01-10,10.134273,10.265875,10.084624,10.242546,448560000.000000
2011-01-11,10.315233,10.317625,10.153421,10.218326,444108000.000000
2011-01-12,10.266480,10.301772,10.229092,10.301473,302590400.000000
2011-01-13,10.323608,10.367875,10.284427,10.339161,296780400.000000
2011-01-14,10.345444,10.422910,10.302075,10.422910,308840000.000000
2011-01-18,9.855821,10.311644,9.750539,10.188715,1880998000.000000
2011-01-19,10.419019,10.426497,10.075957,10.134580,1135612800.000000
2011-01-20,10.062497,10.118428,9.873768,9.950336,764789200.000000
2011-01-21,9.982937,10.016137,9.769382,9.772075,754401200.000000
2011-01-24,9.776562,10.093006,9.772075,10.093006,574683200.000000
2011-01-25,10.059505,10.212343,10.006863,10.211145,546868000.000000
2011-01-26,10.257808,10.336770,10.214140,10.284428,506875600.000000
2011-01-27,10.282331,10.309549,10.253918,10.265283,285026000.000000
2011-01-28,10.293997,10.300875,9.975758,10.052625,592057200.000000
2011-01-31,10.043656,10.170474,9.998792,10.148938,377246800.000000
2011-02-01,10.208158,10.338264,10.198586,10.319720,426633200.000000
2011-02-02,10.302375,10.326302,10.275456,10.298487,258955200.000000
2011-02-03,10.282931,10.296092,10.125906,10.272163,393797600.000000
2011-02-04,10.278147,10.369671,10.274259,10.363688,321840400.000000
2011-02-07,10.405260,10.565575,10.397783,10.524600,485021600.000000
2011-02-08,10.578439,10.633473,10.532678,10.623901,381040800.000000
2011-02-09,10.623601,10.737558,10.614031,10.712433,482745200.000000
2011-02-10,10.689400,10.767464,10.408547,10.604156,928550000.000000
2011-02-11,10.610440,10.701664,10.574249,10.673250,367572800.000000
2011-02-14,10.671460,10.751916,10.669067,10.742944,310416400.000000
2011-02-15,10.743243,10.766573,10.694191,10.764479,284174800.000000
2011-02-16,10.791392,10.914022,10.782420,10.861083,481157600.000000
2011-02-17,10.685217,10.775544,10.663382,10.716621,530583200.000000
2011-02-18,10.728883,10.752512,10.454013,10.485120,816057200.000000
2011-02-22,10.233583,10.330789,10.101084,10.127703,872555600.000000
2011-02-23,10.132486,10.308054,10.127699,10.247638,671854400.000000
2011-02-24,10.289514,10.323311,10.120524,10.255416,499900800.000000
2011-02-25,10.326599,10.421413,10.312841,10.413338,380018800.000000
2011-02-28,10.505459,10.619415,10.501870,10.564382,403074000.000000
2011-03-01,10.631976,10.639453,10.398979,10.447732,456136800.000000
2011-03-02,10.467172,10.598475,10.420512,10.531776,602590800.000000
2011-03-03,10.683424,10.761189,10.645438,10.754310,500788400.000000
2011-03-04,10.769559,10.776139,10.700169,10.767466,453266800.000000
2011-03-07,10.809340,10.817417,10.507553,10.628687,546123200.000000
2011-03-08,10.615225,10.689701,10.535666,10.640649,356316800.000000
2011-03-09,10.608645,10.610739,10.486316,10.542246,453306000.000000
2011-03-10,10.442050,10.461492,10.315831,10.368772,507539200.000000
2011-03-11,10.328694,10.537763,10.318825,10.527892,471080400.000000
2011-03-14,10.563481,10.662184,10.507551,10.574847,435957200.000000
2011-03-15,10.232085,10.403766,10.172266,10.331684,721081200.000000
2011-03-16,10.229089,10.258998,9.758311,9.870472,1162011200.000000
2011-03-17,10.074458,10.157608,9.889916,10.008957,659422400.000000
2011-03-18,10.083437,10.115440,9.870181,9.890221,753214000.000000
2011-03-21,10.049339,10.161499,10.027504,10.148339,409402000.000000
2011-03-22,10.245846,10.247640,10.143554,10.205168,325922800.000000
2011-03-23,10.147740,10.175855,10.048140,10.145048,372996400.000000
2011-03-24,10.224607,10.348732,10.135177,10.317924,404712000.000000
2011-03-25,10.410648,10.529987,10.379243,10.514435,448910000.000000
2011-03-28,10.562584,10.597579,10.481528,10.481528,309355200.000000
2011-03-29,10.398380,10.497082,10.350525,10.497082,352900800.000000
2011-03-30,10.487511,10.494691,10.391801,10.427393,329406000.000000
2011-03-31,10.359500,10.462389,10.350528,10.423806,274019200.000000
2011-04-01,10.501571,10.515927,10.267976,10.305662,418661600.000000
2011-04-04,10.298185,10.306859,10.121419,10.204866,460084800.000000
2011-04-05,10.079245,10.236569,10.049634,10.136073,482731200.000000
2011-04-06,10.205762,10.285920,10.083731,10.110649,402539200.000000
2011-04-07,10.112445,10.182134,10.050532,10.111848,373447200.000000
2011-04-08,10.166879,10.173758,9.988319,10.021518,377535200.000000
2011-04-11,9.991610,10.039765,9.870777,9.894106,398946800.000000
2011-04-12,9.884832,9.981740,9.876158,9.941960,425639200.000000
2011-04-13,10.020324,10.053823,9.945550,10.053524,346220000.000000
2011-04-14,10.013743,10.049635,9.931791,9.942558,301800800.000000
2011-04-15,9.968882,9.979051,9.774469,9.794209,453605600.000000
2011-04-18,9.753529,9.936874,9.575865,9.925508,609898800.000000
2011-04-19,9.962896,10.108854,9.921321,10.105266,419378400.000000
2011-04-20,10.274255,10.341252,10.214137,10.241354,700666400.000000
2011-04-21,10.617918,10.621806,10.424104,10.489306,753810400.000000
2011-04-25,10.478541,10.580533,10.477343,10.558399,266546000.000000
2011-04-26,10.576645,10.617621,10.448931,10.480934,338800000.000000
2011-04-27,10.535367,10.538657,10.381632,10.472856,356213200.000000
2011-04-28,10.354416,10.460894,10.334377,10.371166,360959200.000000
2011-04-29,10.372062,10.586514,10.368771,10.472260,1006345200.000000
2011-05-02,10.460595,10.482430,10.333779,10.357108,442713600.000000
2011-05-03,10.408255,10.465083,10.337368,10.414536,313348000.000000
2011-05-04,10.416329,10.523107,10.375054,10.455511,389250400.000000
2011-05-05,10.420516,10.496786,10.350229,10.371166,335969200.000000
2011-05-06,10.459100,10.468372,10.355015,10.368474,280134400.000000
2011-05-09,10.404365,10.444445,10.364586,10.396589,204747200.000000
2011-05-10,10.435170,10.459098,10.368472,10.451920,282091600.000000
2011-05-11,10.439060,10.468371,10.326001,10.385521,336000000.000000
2011-05-12,10.352320,10.382229,10.237168,10.365778,322000000.000000
2011-05-13,10.338562,10.356208,10.179742,10.184228,326116000.000000
2011-05-16,10.145346,10.205764,9.947942,9.968879,449775200.000000
2011-05-17,9.929999,10.053824,9.892013,10.053824,452334400.000000
2011-05-18,10.063691,10.200677,10.049633,10.165383,334776400.000000
2011-05-19,10.231486,10.241356,10.129494,10.185126,261170000.000000
2011-05-20,10.156113,10.197688,10.020323,10.026305,337968400.000000
2011-05-23,9.869278,10.049034,9.852827,10.001777,383600000.000000
2011-05-24,10.034678,10.046642,9.910253,9.935677,321927200.000000
2011-05-25,9.972767,10.126204,9.955420,10.072965,294224000.000000
2011-05-26,10.048738,10.076255,10.002677,10.019726,222560800.000000
2011-05-27,10.013745,10.098390,9.999090,10.091809,203599200.000000
2011-05-31,10.202176,10.403467,10.199184,10.403467,417754400.000000
2011-06-01,10.434571,10.532075,10.308353,10.334074,554682800.000000
2011-06-02,10.363685,10.407951,10.297884,10.351721,338783200.000000
2011-06-03,10.264388,10.328693,10.229393,10.272163,313250000.000000
2011-06-06,10.339757,10.380135,10.103770,10.110649,461941200.000000
2011-06-07,10.114539,10.116034,9.927005,9.931192,529785200.000000
2011-06-08,9.923421,10.013747,9.889623,9.937179,333723600.000000
2011-06-09,9.967383,9.979945,9.892609,9.914742,275088800.000000
2011-06-10,9.886627,9.919828,9.735883,9.747548,433955200.000000
2011-06-13,9.786432,9.819632,9.722725,9.768487,329473200.000000
2011-06-14,9.870176,9.967382,9.849538,9.943155,334569200.000000
2011-06-15,9.862702,9.879152,9.717041,9.772973,399196000.000000
2011-06-16,9.777458,9.830697,9.521133,9.725415,510591200.000000
2011-06-17,9.839969,9.847746,9.551939,9.578857,615020000.000000
2011-06-20,9.492119,9.502289,9.286939,9.431104,640645600.000000
2011-06-21,9.471783,9.744558,9.427517,9.729604,493382400.000000
2011-06-22,9.725413,9.837276,9.642264,9.649144,390583200.000000
2011-06-23,9.539380,9.920728,9.514855,9.906970,559759200.000000
2011-06-24,9.911153,9.964392,9.723320,9.761006,439807200.000000
2011-06-27,9.798095,9.986825,9.787926,9.931192,339813600.000000
2011-06-28,9.979350,10.070574,9.973069,10.027504,294299600.000000
2011-06-29,10.050833,10.060703,9.926408,9.991014,352545200.000000
2011-06-30,10.010755,10.053526,9.955123,10.039766,322954800.000000
2011-07-01,10.048144,10.273961,9.995802,10.266784,435313200.000000
2011-07-05,10.259002,10.463285,10.244047,10.451321,355054000.000000
2011-07-06,10.436964,10.591000,10.369967,10.521010,444626000.000000
2011-07-07,10.608050,10.707649,10.588010,10.683722,399663600.000000
2011-07-08,10.568270,10.767468,10.534173,10.758794,489633200.000000
2011-07-11,10.657999,10.760590,10.552716,10.588010,442674400.000000
2011-07-12,10.573955,10.698081,10.427099,10.580536,451609200.000000
2011-07-13,10.717517,10.767467,10.659193,10.708246,391638800.000000
2011-07-14,10.797676,10.815623,10.657999,10.700769,430533600.000000
2011-07-15,10.802462,10.917016,10.742643,10.914623,484467200.000000
2011-07-18,10.929874,11.205640,10.925388,11.180218,572653200.000000
2011-07-19,11.305837,11.325278,11.165860,11.271441,819145600.000000
2011-07-20,11.847804,11.852290,11.545118,11.572037,941340400.000000
2011-07-21,11.573531,11.666549,11.482306,11.583700,526534400.000000
2011-07-22,11.614507,11.815799,11.597459,11.763457,516728800.000000
2011-07-25,11.675224,11.963853,11.653391,11.918989,589806000.000000
2011-07-26,11.963851,12.098445,11.954281,12.065844,476582400.000000
2011-07-27,11.981497,12.042812,11.729059,11.742220,659324400.000000
2011-07-28,11.713211,11.873825,11.608826,11.719193,594034000.000000
2011-07-29,11.594169,11.818790,11.485297,11.679111,632584400.000000
2011-08-01,11.897453,11.948897,11.735642,11.866647,612836000.000000
2011-08-02,11.893563,11.901040,11.615404,11.632153,639539600.000000
2011-08-03,11.694067,11.770935,11.432658,11.741624,732508000.000000
2011-08-04,11.647111,11.704238,11.286401,11.286999,871407600.000000
2011-08-05,11.378818,11.470342,10.844333,11.174833,1204590800.000000
2011-08-08,10.818015,10.999865,10.558698,10.564382,1143833600.000000
2011-08-09,10.806349,11.204447,10.617918,11.186501,1082583600.000000
2011-08-10,11.100960,11.205643,10.842242,10.877834,878656800.000000
2011-08-11,11.082118,11.229573,10.908642,11.177231,741969200.000000
2011-08-12,11.307933,11.354891,11.193081,11.275632,528976000.000000
2011-08-15,11.354592,11.514310,11.308531,11.467650,460544000.000000
2011-08-16,11.411124,11.466457,11.247817,11.380017,498750000.000000
2011-08-17,11.434752,11.500851,11.305841,11.378820,442061200.000000
2011-08-18,11.091684,11.145822,10.808440,10.948417,851435200.000000
2011-08-19,10.832369,10.976833,10.647827,10.648724,775888400.000000
2011-08-22,10.902358,10.913425,10.620609,10.660987,535315200.000000
2011-08-23,10.776438,11.175433,10.677736,11.174236,656835200.000000
2011-08-24,11.170348,11.334552,11.084507,11.251404,626267600.000000
2011-08-25,10.919405,11.229568,10.917012,11.177824,871346000.000000
2011-08-26,11.101561,11.479320,11.090494,11.472740,641477200.000000
2011-08-29,11.610321,11.709622,11.604938,11.663859,405269200.000000
2011-08-30,11.612414,11.719790,11.551399,11.664457,417922400.000000
2011-08-31,11.681806,11.726970,11.421294,11.510125,522586400.000000
2011-09-01,11.539738,11.585200,11.387198,11.396470,343725200.000000
2011-09-02,11.208333,11.305839,11.121297,11.187696,438939200.000000
2011-09-06,10.987903,11.375532,10.961283,11.357886,509698000.000000
2011-09-07,11.531955,11.533151,11.425475,11.483202,350576800.000000
2011-09-08,11.437442,11.623181,11.434750,11.489485,416158400.000000
2011-09-09,11.483207,11.545119,11.216711,11.290290,564813200.000000
2011-09-12,11.156293,11.391980,11.123392,11.363866,467832400.000000
2011-09-13,11.429665,11.551397,11.373135,11.503841,440560400.000000
2011-09-14,11.575627,11.730858,11.537941,11.643821,534724400.000000
2011-09-15,11.707528,11.774226,11.661766,11.753289,417818800.000000
2011-09-16,11.830456,11.978807,11.815202,11.978807,698513200.000000
2011-09-19,11.874124,12.359557,11.820288,12.311702,823860800.000000
2011-09-20,12.419973,12.647586,12.298540,12.366136,775754000.000000
2011-09-21,12.551274,12.609598,12.322765,12.326952,605976000.000000
2011-09-22,11.994662,12.257567,11.865153,12.018290,968480800.000000
2011-09-23,11.972226,12.165443,11.959365,12.092463,546277200.000000
2011-09-26,11.959664,12.082892,11.703638,12.058665,812876400.000000
2011-09-27,12.224960,12.240513,11.905825,11.941716,632497600.000000
2011-09-28,11.969535,12.075714,11.859467,11.874423,429637600.000000
2011-09-29,12.021278,12.029952,11.551397,11.681804,651086800.000000
2011-09-30,11.578615,11.631556,11.400952,11.405139,547640800.000000
2011-10-03,11.376725,11.444620,11.161376,11.204145,669099200.000000
2011-10-04,11.203249,11.419495,10.595187,11.141335,1233677200.000000
2011-10-05,11.002559,11.360277,10.776441,11.313320,786469600.000000
2011-10-06,11.166163,11.508629,11.120402,11.286999,812582400.000000
2011-10-07,11.239439,11.298062,11.021398,11.060579,535458000.000000
2011-10-10,11.338443,11.629164,11.312122,11.629164,442514800.000000
2011-10-11,11.741624,12.058966,11.709622,11.972527,605687600.000000
2011-10-12,12.183392,12.240518,11.968042,12.029357,622286000.000000
2011-10-13,12.112803,12.215992,12.049096,12.215992,426185200.000000
2011-10-14,12.467231,12.621863,12.420571,12.621863,573367200.000000
2011-10-17,12.614087,12.762439,12.440611,12.561746,686044800.000000
2011-10-18,12.614686,12.705911,12.442108,12.629043,881602400.000000
2011-10-19,12.004231,12.215692,11.898051,11.922578,1104059600.000000
2011-10-20,11.963851,11.974319,11.790674,11.823574,549270400.000000
2011-10-21,11.907027,11.938133,11.687191,11.750599,621244400.000000
2011-10-24,11.849599,12.158266,11.826270,12.136433,502138000.000000
2011-10-25,12.114300,12.159763,11.885492,11.897156,430427200.000000
2011-10-26,12.016493,12.040122,11.758971,11.981798,456304800.000000
2011-10-27,12.189967,12.233037,12.020380,12.104126,494664800.000000
2011-10-28,12.053579,12.153777,12.038924,12.111903,322842800.000000
2011-10-31,12.036233,12.242909,11.995257,12.106820,385501200.000000
2011-11-01,11.886387,11.948897,11.761065,11.859468,531790000.000000
2011-11-02,11.966543,11.977011,11.817592,11.886385,327350800.000000
2011-11-03,11.936038,12.065546,11.825073,12.055676,441386400.000000
2011-11-04,12.024571,12.066744,11.938731,11.971033,302229200.000000
2011-11-07,11.961161,11.963852,11.848102,11.955776,270275600.000000
2011-11-08,12.029956,12.203133,12.010515,12.150192,400442000.000000
2011-11-09,11.873223,11.990469,11.791271,11.822676,558684000.000000
2011-11-10,11.875016,11.880400,11.429961,11.521784,744752400.000000
2011-11-11,11.563361,11.625872,11.373435,11.503841,653786000.000000
2011-11-14,11.470940,11.522684,11.311821,11.343525,432905200.000000
2011-11-15,11.389587,11.649800,11.349209,11.629762,430810800.000000
2011-11-16,11.642325,11.698855,11.494870,11.508330,349210400.000000
2011-11-17,11.484696,11.502643,11.231063,11.288191,479900400.000000
2011-11-18,11.333353,11.365356,11.212518,11.214313,371938000.000000
2011-11-21,11.078529,11.116814,10.944235,11.036956,447980400.000000
2011-11-22,11.097068,11.303744,11.094676,11.261272,409021200.000000
2011-11-23,11.201457,11.241237,10.973246,10.976537,428271200.000000
2011-11-25,11.019304,11.100957,10.866765,10.874243,254760800.000000
2011-11-28,11.136854,11.267559,11.076436,11.249613,346413200.000000
2011-11-29,11.241234,11.330664,11.072544,11.162272,375855200.000000
2011-11-30,11.404241,11.433851,11.314811,11.431458,405938400.000000
2011-12-01,11.441630,11.634846,11.388092,11.602843,387181200.000000
2011-12-02,11.659672,11.773328,11.622285,11.655784,379055600.000000
2011-12-05,11.769139,11.856475,11.676419,11.754782,357210000.000000
2011-12-06,11.739830,11.803239,11.646213,11.693171,283598000.000000
2011-12-07,11.662666,11.692875,11.567852,11.637542,304746400.000000
2011-12-08,11.708129,11.829263,11.671640,11.684501,376356400.000000
2011-12-09,11.749998,11.785590,11.695562,11.773027,296993200.000000
2011-12-12,11.715004,11.781403,11.648306,11.719790,301067200.000000
2011-12-13,11.754485,11.826269,11.578018,11.629164,338928800.000000
2011-12-14,11.566056,11.586395,11.296272,11.371345,406887600.000000
2011-12-15,11.465257,11.477520,11.315111,11.333954,256200000.000000
2011-12-16,11.376423,11.489780,11.352794,11.396163,421478400.000000
2011-12-19,11.439541,11.510726,11.380020,11.431765,235530400.000000
2011-12-20,11.597758,11.847205,11.582803,11.842718,337215200.000000
2011-12-21,11.864855,11.883101,11.724878,11.857677,262948000.000000
2011-12-22,11.874125,11.937833,11.847207,11.920485,202358800.000000
2011-12-23,11.954581,12.071228,11.948599,12.063452,269399200.000000
2011-12-27,12.056570,12.235728,12.054176,12.159160,265076000.000000
2011-12-28,12.169933,12.210610,12.003934,12.042817,228662000.000000
2011-12-29,12.065539,12.132836,11.979101,12.116983,215978000.000000
2011-12-30,12.068837,12.151688,12.068240,12.113403,179662000.000000
2012-01-03,12.245003,12.337723,12.233039,12.299737,302220800.000000
2012-01-04,12.262948,12.402926,12.241413,12.365837,260022000.000000
2012-01-05,12.410999,12.518673,12.342804,12.503120,271269600.000000
2012-01-06,12.555163,12.644294,12.538713,12.633825,318292800.000000
2012-01-09,12.726547,12.793843,12.602421,12.613787,394024400.000000
2012-01-10,12.738808,12.741501,12.606907,12.658950,258196400.000000
2012-01-11,12.642204,12.647289,12.541409,12.638316,215084800.000000
2012-01-12,12.630239,12.648783,12.524658,12.603620,212587200.000000
2012-01-13,12.553070,12.575502,12.521964,12.556359,226021600.000000
2012-01-17,12.687662,12.741201,12.650574,12.702617,242897200.000000
2012-01-18,12.770215,12.845288,12.750475,12.834521,276791200.000000
2012-01-19,12.865625,12.902114,12.756754,12.793842,261738400.000000
2012-01-20,12.786066,12.786365,12.554565,12.571015,413974400.000000
2012-01-23,12.641901,12.814779,12.630834,12.783672,306062400.000000
2012-01-24,12.714582,12.714582,12.548583,12.574306,547638000.000000
2012-01-25,13.592132,13.592430,13.271800,13.359435,958314000.000000
2012-01-26,13.410284,13.423144,13.254156,13.298721,323985200.000000
2012-01-27,13.290041,13.413867,13.272993,13.377975,299709200.000000
2012-01-30,13.331022,13.575982,13.321451,13.549362,379341200.000000
2012-01-31,13.626528,13.705788,13.551156,13.653148,391683600.000000
2012-02-01,13.710873,13.728220,13.625332,13.644473,270046000.000000
2012-02-02,13.635799,13.673784,13.578373,13.612470,186796400.000000
2012-02-03,13.677674,13.758430,13.625631,13.748858,286599600.000000
2012-02-06,13.709980,13.907383,13.704597,13.877174,249412800.000000
2012-02-07,13.915458,14.050052,13.895418,14.022534,316223600.000000
2012-02-08,14.072476,14.260606,14.048548,14.257318,407890000.000000
2012-02-09,14.379353,14.857608,14.373371,14.750531,884214800.000000
2012-02-10,14.684436,14.883633,14.612352,14.758013,631302000.000000
2012-02-13,14.940756,15.069368,14.867776,15.032579,517216000.000000
2012-02-14,15.094195,15.240752,15.014636,15.237761,460398400.000000
2012-02-15,15.381333,15.741145,14.861802,14.885133,1506120000.000000
2012-02-16,14.700587,15.101077,14.554926,15.020919,944552000.000000
2012-02-17,15.047833,15.187212,14.963787,15.018223,535805200.000000
2012-02-21,15.160599,15.398979,15.078048,15.398979,605595200.000000
2012-02-22,15.346034,15.418115,15.226095,15.344837,483302400.000000
2012-02-23,15.405858,15.488111,15.238963,15.445040,568027600.000000
2012-02-24,15.543137,15.639744,15.512330,15.625089,415072000.000000
2012-02-27,15.592192,15.807243,15.441748,15.725291,547582000.000000
2012-02-28,15.791084,16.013910,15.727974,16.013910,600387200.000000
2012-02-29,16.197857,16.378811,16.022587,16.224176,952011200.000000
2012-03-01,16.395561,16.396759,16.114410,16.284895,683270000.000000
2012-03-02,16.278018,16.354586,16.226573,16.306133,431712400.000000
2012-03-05,16.313313,16.374926,15.732466,15.946621,809124400.000000
2012-03-06,15.662475,15.962468,15.439947,15.859879,810238800.000000
2012-03-07,16.055485,16.084797,15.651705,15.872738,798520800.000000
2012-03-08,15.992383,16.240633,15.915515,16.210724,516457200.000000
2012-03-09,16.277124,16.382705,16.244223,16.305838,418919200.000000
2012-03-12,16.419786,16.510115,16.360565,16.510115,407282400.000000
2012-03-13,16.675811,16.994048,16.622271,16.991655,690855200.000000
2012-03-14,17.289263,17.787856,17.210001,17.634121,1418844000.000000
2012-03-15,17.934115,17.946080,17.304219,17.513885,1159718000.000000
2012-03-16,17.488758,17.622753,17.287765,17.514181,825487600.000000
2012-03-19,17.897030,17.998722,17.618272,17.978683,901236000.000000
2012-03-20,17.931123,18.152154,17.690949,18.124041,816662000.000000
2012-03-21,18.027732,18.234408,17.987953,18.020554,644042000.000000
2012-03-22,17.879373,18.080367,17.812077,17.926033,623870800.000000
2012-03-23,17.960430,17.999611,17.778279,17.827631,430488800.000000
2012-03-26,17.939498,18.159635,17.804009,18.154549,595742000.000000
2012-03-27,18.130618,18.432705,18.127029,18.378868,607129600.000000
2012-03-28,18.495520,18.587343,18.254150,18.472790,655460400.000000
2012-03-29,18.328021,18.441080,18.162023,18.240685,608238400.000000
2012-03-30,18.208086,18.261624,17.884164,17.932320,731038000.000000
2012-04-02,18.000518,18.507187,17.957148,18.503000,598351600.000000
2012-04-03,18.762315,18.909173,18.619049,18.822733,834559600.000000
2012-04-04,18.674073,18.719236,18.454236,18.672876,572980800.000000
2012-04-05,18.752749,18.982455,18.645672,18.953144,641298000.000000
2012-04-09,18.727315,19.137376,18.702490,19.029402,597536800.000000
2012-04-10,19.140079,19.261811,18.723438,18.796417,889725200.000000
2012-04-11,19.028505,19.048544,18.643866,18.729408,696614800.000000
2012-04-12,18.693524,18.882853,18.558930,18.626825,614336800.000000
2012-04-13,18.666897,18.684545,18.050759,18.102203,859644800.000000
2012-04-16,18.246667,18.253247,17.295243,17.351473,1050786800.000000
2012-04-17,17.315878,18.244869,17.105613,18.235897,1025528000.000000
2012-04-18,18.356134,18.551445,18.026829,18.195221,954531200.000000
2012-04-19,17.952359,18.087252,17.482778,17.570114,834719200.000000
2012-04-20,17.687958,17.784866,17.061052,17.137621,1030985200.000000
2012-04-23,17.066738,17.247991,16.648302,17.099339,966529200.000000
2012-04-24,16.827460,16.979401,16.599847,16.757771,1076149200.000000
2012-04-25,18.413562,18.484149,18.125233,18.244871,905777600.000000
2012-04-26,18.372584,18.385147,18.009482,18.176079,536068400.000000
2012-04-27,18.097420,18.130619,17.960732,18.035505,406722400.000000
2012-04-30,17.879973,17.897919,17.437310,17.466621,506144800.000000
2012-05-01,17.494146,17.848874,17.384378,17.411297,610999200.000000
2012-05-02,17.354766,17.568919,17.313491,17.526447,427389200.000000
2012-05-03,17.661638,17.688557,17.356559,17.402021,390549600.000000
2012-05-04,17.260247,17.298531,16.904023,16.906416,529992400.000000
2012-05-07,16.794261,17.131343,16.786185,17.032940,460118400.000000
2012-05-08,17.035924,17.093350,16.711405,16.994051,497252000.000000
2012-05-09,16.860058,17.167530,16.774816,17.023962,480704000.000000
2012-05-10,17.185477,17.224359,17.001833,17.064043,333200000.000000
2012-05-11,16.898937,17.182182,16.879496,16.950083,399546000.000000
2012-05-14,16.826255,16.974008,16.677604,16.696148,352626400.000000
2012-05-15,16.792761,16.845701,16.502637,16.545109,476336000.000000
2012-05-16,16.571426,16.656370,16.182301,16.333046,560896000.000000
2012-05-17,16.310017,16.375519,15.855690,15.855690,717220000.000000
2012-05-18,15.970540,16.253185,15.618205,15.863463,732292400.000000
2012-05-21,15.986694,16.795450,15.973233,16.787672,631106000.000000
2012-05-22,17.035039,17.164549,16.527474,16.658777,694870400.000000
2012-05-23,16.674621,17.132240,16.546908,17.065243,584897600.000000
2012-05-24,17.224060,17.242904,16.786183,16.908514,496230000.000000
2012-05-25,16.886674,16.924360,16.703626,16.817881,328507200.000000
2012-05-29,17.075409,17.168129,16.908215,17.116385,380508800.000000
2012-05-30,17.024561,17.347285,16.945599,17.322760,529429600.000000
2012-05-31,17.369718,17.392450,17.092158,17.279692,491674400.000000
2012-06-01,17.023365,17.127750,16.764946,16.779003,520987600.000000
2012-06-04,16.794261,16.973719,16.405437,16.877708,556995600.000000
2012-06-05,16.787379,16.942910,16.699445,16.834038,388214400.000000
2012-06-06,16.981794,17.163644,16.913899,17.092161,401455600.000000
2012-06-07,17.266525,17.267421,17.063438,17.099928,379766800.000000
2012-06-08,17.096349,17.364938,17.018584,17.357161,347516400.000000
2012-06-11,17.578480,17.601809,17.067325,17.083477,591264800.000000
2012-06-12,17.181888,17.246491,16.949788,17.232733,435380400.000000
2012-06-13,17.183685,17.302127,17.059859,17.113098,293580000.000000
2012-06-14,17.085578,17.153175,16.966539,17.094252,345573200.000000
2012-06-15,17.078393,17.186666,17.035024,17.172010,335255200.000000
2012-06-18,17.077211,17.583579,17.059563,17.520470,440412000.000000
2012-06-19,17.449283,17.646686,17.440311,17.569221,361404400.000000
2012-06-20,17.593148,17.624254,17.371517,17.519272,358943200.000000
2012-06-21,17.510291,17.593439,17.271013,17.277893,326351200.000000
2012-06-22,17.318879,17.413094,17.210606,17.410402,284471600.000000
2012-06-25,17.266835,17.341610,17.059561,17.071526,304382400.000000
2012-06-26,17.088265,17.182780,16.968627,17.109203,276536400.000000
2012-06-27,17.198041,17.250084,17.105920,17.183086,202997200.000000
2012-06-28,17.098443,17.168132,16.917190,17.020079,282836400.000000
2012-06-29,17.287767,17.467226,17.175606,17.467226,421500800.000000
2012-07-02,17.489060,17.750469,17.455262,17.722055,400092000.000000
2012-07-03,17.792643,17.945780,17.766323,17.928133,241712800.000000
2012-07-05,17.962525,18.374680,17.935308,18.243078,484383200.000000
2012-07-06,18.157838,18.198216,17.993037,18.121647,418930400.000000
2012-07-09,18.104300,18.361522,18.068708,18.361223,379405600.000000
2012-07-10,18.483252,18.540081,18.104597,18.191336,511957600.000000
2012-07-11,18.128830,18.174891,17.862635,18.078283,469322000.000000
2012-07-12,17.952955,18.049563,17.726838,17.912876,428041600.000000
2012-07-13,18.034011,18.160826,17.945776,18.094427,311427200.000000
2012-07-16,18.098918,18.293329,18.095926,18.152456,301260400.000000
2012-07-17,18.268500,18.289737,18.039990,18.153349,293624800.000000
2012-07-18,18.142887,18.195228,18.052260,18.133017,252700000.000000
2012-07-19,18.283157,18.404889,18.125234,18.374083,436861600.000000
2012-07-20,18.335505,18.377678,18.056448,18.074394,397471200.000000
2012-07-23,17.778285,18.122246,17.578190,18.060333,487975600.000000
2012-07-24,18.166514,18.235307,17.901216,17.973299,565132400.000000
2012-07-25,17.181890,17.371516,17.048493,17.197144,877312800.000000
2012-07-26,17.340414,17.359556,17.059265,17.194456,406632800.000000
2012-07-27,17.198331,17.521953,17.096040,17.501913,403936400.000000
2012-07-30,17.674202,17.929032,17.581481,17.797131,379142400.000000
2012-07-31,18.042387,18.295723,18.027134,18.267607,462327600.000000
2012-08-01,18.421638,18.436294,18.035504,18.149460,384501600.000000
2012-08-02,18.030722,18.265511,17.953256,18.178774,332158400.000000
2012-08-03,18.353446,18.483553,18.291533,18.415359,344920800.000000
2012-08-06,18.462913,18.689630,18.402198,18.620239,302103200.000000
2012-08-07,18.626824,18.693523,18.485352,18.571194,290446800.000000
2012-08-08,18.525723,18.660019,18.457231,18.539782,244706000.000000
2012-08-09,18.559009,18.675558,18.557508,18.645519,221642400.000000
2012-08-10,18.584843,18.676457,18.584543,18.674656,194938800.000000
2012-08-13,18.725413,18.923964,18.721207,18.923964,278832400.000000
2012-08-14,18.980135,19.182592,18.930272,18.974728,340169200.000000
2012-08-15,18.963026,19.044129,18.856392,18.948908,257342400.000000
2012-08-16,18.960319,19.127030,18.938991,19.114414,254534000.000000
2012-08-17,19.224348,19.470360,19.188604,19.467957,442761200.000000
2012-08-20,19.525031,19.979807,19.521726,19.979807,613384800.000000
2012-08-21,20.150122,20.272077,19.534642,19.706760,812719600.000000
2012-08-22,19.657497,20.095452,19.467957,20.091547,565322800.000000
2012-08-23,20.008645,20.122489,19.859656,19.904114,420128800.000000
2012-08-24,19.810400,20.109879,19.691450,19.921841,437340400.000000
2012-08-27,20.425569,20.452003,20.231824,20.296106,427008400.000000
2012-08-28,20.275077,20.308720,20.145613,20.269670,267416800.000000
2012-08-29,20.283191,20.355882,20.203590,20.229723,202806800.000000
2012-08-30,20.144715,20.172049,19.910718,19.941357,302699600.000000
2012-08-31,20.042885,20.083437,19.742505,19.982510,338321200.000000
2012-09-04,19.998132,20.279888,19.960284,20.274782,367892000.000000
2012-09-05,20.292805,20.316235,20.113478,20.132402,336375200.000000
2012-09-06,20.220712,20.374507,20.149522,20.313829,391196400.000000
2012-09-07,20.367294,20.500364,20.298809,20.439087,329666400.000000
2012-09-10,20.439395,20.524702,19.888196,19.907421,487998000.000000
2012-09-11,19.978606,20.128495,19.719978,19.842834,503983200.000000
2012-09-12,20.030873,20.122489,19.704961,20.119184,712233200.000000
2012-09-13,20.346875,20.591085,20.268776,20.515388,598360000.000000
2012-09-14,20.725058,20.935924,20.662877,20.764708,600474000.000000
2012-09-17,21.007106,21.020623,20.864727,21.020023,398031200.000000
2012-09-18,21.023030,21.096623,20.919098,21.084007,373503200.000000
2012-09-19,21.034439,21.146480,21.013712,21.089708,326874800.000000
2012-09-20,21.001406,21.028442,20.834995,20.987589,336568400.000000
2012-09-21,21.099021,21.178922,21.007405,21.029333,571589200.000000
2012-09-24,20.631930,20.880045,20.515983,20.749979,639766400.000000
2012-09-25,20.673980,20.809753,20.215599,20.231821,518789600.000000
2012-09-26,20.087644,20.206294,19.861157,19.980709,576503200.000000
2012-09-27,19.953976,20.491055,19.835625,20.465523,594090000.000000
2012-09-28,20.388330,20.459220,20.027873,20.038387,535110800.000000
2012-10-01,20.160339,20.328253,19.719981,19.806791,543594800.000000
2012-10-02,19.879479,20.015852,19.544254,19.864460,627992400.000000
2012-10-03,19.971097,20.181363,19.904112,20.169046,424281200.000000
2012-10-04,20.163046,20.253160,19.991831,20.029377,370725600.000000
2012-10-05,19.981308,20.005337,19.563178,19.602528,594006000.000000
2012-10-08,19.431012,19.451438,19.107501,19.169380,637994000.000000
2012-10-09,19.183796,19.239066,18.730222,19.099689,838597200.000000
2012-10-10,19.216543,19.373943,19.134239,19.251688,510356000.000000
2012-10-11,19.419607,19.440633,18.866905,18.866905,546081200.000000
2012-10-12,18.910752,19.085574,18.782791,18.915258,460014800.000000
2012-10-15,18.994562,19.078068,18.739239,19.066954,432502000.000000
2012-10-16,19.085271,19.533739,18.954004,19.518419,549771600.000000
2012-10-17,19.490782,19.608531,19.344496,19.362820,389037600.000000
2012-10-18,19.212040,19.286233,18.923974,19.003275,476624400.000000
2012-10-19,18.955512,18.977138,18.311796,18.318405,744086000.000000
2012-10-22,18.395892,19.085564,18.346028,19.045013,546730800.000000
2012-10-23,18.954000,19.041111,18.374268,18.424129,707145600.000000
2012-10-24,18.666846,18.820340,18.342435,18.528370,558527200.000000
2012-10-25,18.623587,18.683664,18.189537,18.309389,656325600.000000
2012-10-26,18.306088,18.443363,17.752489,18.142982,1018432800.000000
2012-10-31,17.869039,18.081708,17.653366,17.882256,510003200.000000
2012-11-01,17.969357,18.112938,17.847704,17.918894,361298000.000000
2012-11-02,17.899367,17.931207,17.264364,17.325941,599373600.000000
2012-11-05,17.527799,17.655460,17.349973,17.560841,529135600.000000
2012-11-06,17.729357,17.744676,17.424771,17.507675,374917200.000000
2012-11-07,17.315761,17.336884,16.769890,16.837786,793648800.000000
2012-11-08,16.917147,16.965429,16.152508,16.226738,1056146000.000000
2012-11-09,16.307300,16.743634,16.105126,16.507664,929913600.000000
2012-11-12,16.721611,16.732173,16.253895,16.380028,515802000.000000
2012-11-13,16.261744,16.610871,16.184796,16.382143,532949200.000000
2012-11-14,16.460588,16.519430,16.179355,16.200478,477170400.000000
2012-11-15,16.220096,16.279540,15.770184,15.860708,789910800.000000
2012-11-16,15.848038,15.992879,15.261129,15.922873,1266893600.000000
2012-11-19,16.316056,17.124450,16.291011,17.071041,823317600.000000
2012-11-20,17.257523,17.258730,16.734586,16.925594,642754000.000000
2012-11-21,17.026374,17.120520,16.795532,16.949427,373002000.000000
2012-11-23,17.114491,17.260238,16.976591,17.245150,272826400.000000
2012-11-26,17.377921,17.803391,17.311837,17.789209,630579600.000000
2012-11-27,17.789821,17.816075,17.504665,17.645885,533330000.000000
2012-11-28,17.419277,17.676673,17.268099,17.590372,520864400.000000
2012-11-29,17.810036,17.931641,17.660066,17.784084,514698800.000000
2012-11-30,17.706528,17.755110,17.582507,17.660963,391319600.000000
2012-12-03,17.913528,17.941892,17.667598,17.688419,364280000.000000
2012-12-04,17.555958,17.555958,17.264164,17.376415,557068400.000000
2012-12-05,17.167004,17.177263,16.257521,16.258125,1044638000.000000
2012-12-06,15.960890,16.696260,15.649783,16.513098,1177212400.000000
2012-12-07,16.698981,16.753296,15.992880,16.090950,787040800.000000
2012-12-10,15.842001,16.249669,15.738802,15.987447,630484400.000000
2012-12-11,16.287690,16.583107,16.215270,16.336575,592345600.000000
2012-12-12,16.529098,16.536039,16.182083,16.264462,487144000.000000
2012-12-13,16.027575,16.223413,15.866136,15.983519,625259600.000000
2012-12-14,15.532706,15.634698,15.256000,15.383037,1009579200.000000
2012-12-17,15.357086,15.691126,15.124737,15.655821,757607200.000000
2012-12-18,15.842001,16.140736,15.698668,16.110561,625685200.000000
2012-12-19,16.037235,16.104526,15.857089,15.881531,449369200.000000
2012-12-20,15.992873,15.998908,15.657325,15.743324,481689600.000000
2012-12-21,15.463911,15.681173,15.396620,15.670914,596268400.000000
2012-12-24,15.701695,15.819377,15.652206,15.696262,175753200.000000
2012-12-26,15.660952,15.674834,15.423172,15.479901,302436400.000000
2012-12-27,15.496192,15.577968,15.228237,15.542060,455120400.000000
2012-12-28,15.398127,15.524561,15.332645,15.377003,354278400.000000
2012-12-31,15.405366,16.155826,15.359199,16.058359,659492400.000000
2013-01-02,16.711656,16.747263,16.343820,16.567116,560518000.000000
2013-01-03,16.532417,16.586430,16.324811,16.358004,352965200.000000
2013-01-04,16.203204,16.253296,15.867052,15.902357,594333600.000000
2013-01-07,15.751473,15.971752,15.546281,15.808806,484156400.000000
2013-01-08,15.969039,16.049909,15.728845,15.851356,458707200.000000
2013-01-09,15.766564,15.842304,15.570123,15.603619,407604400.000000
2013-01-10,15.949125,15.954254,15.555942,15.797043,601146000.000000
2013-01-11,15.721305,15.851662,15.661558,15.700183,350506800.000000
2013-01-14,15.168489,15.313935,15.042659,15.140428,734207600.000000
2013-01-15,15.036325,15.057146,14.586110,14.662756,876772400.000000
2013-01-16,14.925884,15.372478,14.861310,15.271390,690804800.000000
2013-01-17,15.398733,15.412011,15.148883,15.168495,453678400.000000
2013-01-18,15.042963,15.154612,14.978992,15.087624,472922800.000000
2013-01-22,15.225219,15.325400,14.985930,15.231556,461546400.000000
2013-01-23,15.353469,15.539952,15.231561,15.510381,861509600.000000
2013-01-24,13.880612,14.053517,13.586403,13.593948,1460852400.000000
2013-01-25,13.629855,13.766850,13.126230,13.273485,1208026400.000000
2013-01-28,13.211626,13.675721,13.152181,13.573729,785517600.000000
2013-01-29,13.835350,13.886648,13.642832,13.828409,571158000.000000
2013-01-30,13.790088,13.959070,13.714651,13.784959,417155200.000000
2013-01-31,13.789483,13.858885,13.729133,13.744521,319334400.000000
2013-02-01,13.853755,13.864920,13.529070,13.688093,539484400.000000
2013-02-04,13.696846,13.758102,13.337459,13.347116,477117200.000000
2013-02-05,13.399318,13.872769,13.344098,13.815435,573347600.000000
2013-02-06,13.774095,14.076752,13.656712,13.800650,593706400.000000
2013-02-07,14.060152,14.265020,13.783045,14.210997,704580800.000000
2013-02-08,14.386424,14.532413,14.211904,14.416168,633158400.000000
2013-02-11,14.462302,14.718467,14.363663,14.566406,517490400.000000
2013-02-12,14.553655,14.640764,14.196423,14.201280,609053200.000000
2013-02-13,14.180342,14.375500,14.059241,14.174272,475207600.000000
2013-02-14,14.098696,14.314796,14.083521,14.161523,355275200.000000
2013-02-15,14.230112,14.269873,13.959078,13.966362,391745200.000000
2013-02-19,13.994895,14.044368,13.774850,13.961205,435783600.000000
2013-02-20,13.891400,13.891400,13.621578,13.623096,476302400.000000
2013-02-21,13.536596,13.632810,13.440079,13.538417,447182400.000000
2013-02-22,13.635230,13.706554,13.554799,13.682577,330654800.000000
2013-02-25,13.774850,13.813396,13.432489,13.439470,372579200.000000
2013-02-26,13.470428,13.704739,13.283465,13.626737,501499600.000000
2013-02-27,13.610346,13.732055,13.374216,13.493192,587350400.000000
2013-02-28,13.477413,13.593354,13.396983,13.396983,322515200.000000
2013-03-01,13.293782,13.299246,13.050367,13.065239,552448400.000000
2013-03-04,12.984201,12.996342,12.717112,12.748981,582755600.000000
2013-03-05,12.792385,13.208498,12.770229,13.085576,638433600.000000
2013-03-06,13.187859,13.210319,12.881919,12.919251,460250000.000000
2013-03-07,12.884044,13.111981,12.779636,13.068579,468473600.000000
2013-03-08,13.044904,13.215780,13.008786,13.103178,391482000.000000
2013-03-11,13.043388,13.324440,12.903469,13.289839,474236000.000000
2013-03-12,13.220945,13.320497,12.977226,13.003327,465911600.000000
2013-03-13,13.003930,13.187553,12.910145,13.000894,405549200.000000
2013-03-14,13.136867,13.191802,13.064631,13.126852,303875600.000000
2013-03-15,13.291663,13.482875,13.271024,13.465575,643960800.000000
2013-03-18,13.398493,13.884414,13.390906,13.831604,606197200.000000
2013-03-19,13.946336,13.990954,13.612475,13.794279,526775200.000000
2013-03-20,13.883202,13.889575,13.645552,13.721126,308660800.000000
2013-03-21,13.664677,13.900200,13.661035,13.740857,383255600.000000
2013-03-22,13.797008,14.025247,13.752392,14.019482,395105200.000000
2013-03-25,14.103857,14.263505,14.015536,14.070168,501135600.000000
2013-03-26,14.126616,14.138756,13.977593,13.996107,294294000.000000
2013-03-27,13.854064,13.864383,13.680152,13.721126,331237200.000000
2013-03-28,13.652533,13.713235,13.403654,13.435219,442839600.000000
2013-04-01,13.412155,13.466788,12.982384,13.017895,389732000.000000
2013-04-02,12.978131,13.298031,12.941709,13.044600,529519200.000000
2013-04-03,13.092561,13.271936,13.060388,13.111379,363216000.000000
2013-04-04,13.165096,13.202731,12.906807,12.981774,358447600.000000
2013-04-05,12.884041,12.897700,12.737749,12.844585,383695200.000000
2013-04-08,12.894669,12.975099,12.823041,12.935946,300829200.000000
2013-04-09,12.940498,13.005448,12.830930,12.959315,306614000.000000
2013-04-10,12.993315,13.265261,12.929880,13.223680,375928000.000000
2013-04-11,13.163880,13.293479,13.087395,13.182395,328364400.000000
2013-04-12,13.176935,13.176935,13.023359,13.044909,238613200.000000
2013-04-15,12.959922,12.986935,12.733807,12.742912,317520000.000000
2013-04-16,12.795114,12.948083,12.764763,12.936854,305771200.000000
2013-04-17,12.755660,12.765676,12.083079,12.225426,945056000.000000
2013-04-18,12.291898,12.316179,11.829043,11.899155,666299200.000000
2013-04-19,11.775319,12.128303,11.688210,11.853018,609274400.000000
2013-04-22,11.917063,12.207220,11.875483,12.100080,429920400.000000
2013-04-23,12.261542,12.394784,12.104323,12.326494,664238400.000000
2013-04-24,11.944375,12.603297,11.912810,12.306160,969651200.000000
2013-04-25,12.481286,12.563537,12.352900,12.394785,384837600.000000
2013-04-26,12.438186,12.710131,12.390838,12.662480,764097600.000000
2013-04-29,12.761119,13.160844,12.747461,13.054615,640326400.000000
2013-04-30,13.205764,13.513828,13.113800,13.438860,691538400.000000
2013-05-01,13.489856,13.504121,13.184221,13.332941,506909200.000000
2013-05-02,13.408508,13.615199,13.373605,13.522022,421828400.000000
2013-05-03,13.697756,13.756032,13.632198,13.657391,361300800.000000
2013-05-06,13.831301,14.028280,13.788810,13.983058,496641600.000000
2013-05-07,14.112353,14.136026,13.770296,13.920837,483753200.000000
2013-05-08,13.932370,14.124493,13.834337,14.078055,472598000.000000
2013-05-09,14.048119,14.145579,13.918884,13.955240,398487600.000000
2013-05-10,13.991903,14.045064,13.763069,13.839143,334852000.000000
2013-05-13,13.794536,13.989763,13.794231,13.893218,316948800.000000
2013-05-14,13.866028,13.907272,13.508568,13.560813,447118000.000000
2013-05-15,13.417216,13.473431,12.903942,13.102223,741613600.000000
2013-05-16,12.930830,13.377195,12.798234,13.277289,603204000.000000
2013-05-17,13.413857,13.445631,13.168219,13.236960,427904400.000000
2013-05-20,13.195717,13.620084,13.140417,13.532400,451578400.000000
2013-05-21,13.386362,13.610308,13.265681,13.432495,456022000.000000
2013-05-22,13.566616,13.697990,13.388497,13.484125,443038400.000000
2013-05-23,13.319148,13.631084,13.314259,13.508265,353021200.000000
2013-05-24,13.468851,13.615806,13.453881,13.600224,276166800.000000
2013-05-28,13.745347,13.782314,13.468852,13.486876,386145200.000000
2013-05-29,13.442878,13.672019,13.424547,13.594110,330576400.000000
2013-05-30,13.615498,13.885884,13.580669,13.796672,353519600.000000
2013-05-31,13.824780,13.965320,13.733125,13.740152,384302800.000000
2013-06-03,13.770705,13.820505,13.518651,13.770400,372352400.000000
2013-06-04,13.846780,13.883748,13.668662,13.727322,292728800.000000
2013-06-05,13.615501,13.770401,13.556231,13.599004,290589600.000000
2013-06-06,13.610002,13.656746,13.261098,13.395832,416934000.000000
2013-06-07,13.335951,13.541871,13.221992,13.498182,404535600.000000
2013-06-10,13.587393,13.720293,13.345116,13.408969,450153200.000000
2013-06-11,13.312731,13.527205,13.238794,13.369556,286112400.000000
2013-06-12,13.427607,13.481073,13.183190,13.204271,265227200.000000
2013-06-13,13.213738,13.355499,13.099168,13.319448,285832400.000000
2013-06-14,13.302345,13.329537,13.091536,13.138892,271866000.000000
2013-06-17,13.181357,13.311508,13.148361,13.198465,259414400.000000
2013-06-18,13.185021,13.287065,13.143776,13.191437,195025600.000000
2013-06-19,13.180136,13.188080,12.923500,12.923500,310940000.000000
2013-06-20,12.810457,13.014544,12.684277,12.735299,357310800.000000
2013-06-21,12.785705,12.831840,12.468271,12.633251,481118400.000000
2013-06-24,12.446887,12.485382,12.161225,12.298404,480746000.000000
2013-06-25,12.394946,12.458799,12.185053,12.301151,314162800.000000
2013-06-26,12.339956,12.367148,12.088208,12.161839,367724000.000000
2013-06-27,12.197888,12.263268,12.023436,12.030767,337246000.000000
2013-06-28,11.956834,12.229052,11.880759,12.114788,578516400.000000
2013-07-01,12.302985,12.595674,12.258073,12.502489,391053600.000000
2013-07-02,12.525104,12.881645,12.510133,12.785711,469865200.000000
2013-07-03,12.858117,12.922888,12.753935,12.856284,240928800.000000
2013-07-05,12.843756,12.932356,12.689773,12.753016,274024800.000000
2013-07-08,12.835200,12.862391,12.546177,12.680606,298138400.000000
2013-07-09,12.636307,12.938771,12.537930,12.903637,352584400.000000
2013-07-10,12.819623,12.978493,12.778378,12.854146,281405600.000000
2013-07-11,12.921971,13.083897,12.867589,13.054566,326292400.000000
2013-07-12,13.065563,13.130944,12.936023,13.030734,279563200.000000
2013-07-15,12.984905,13.181964,12.978488,13.059145,241917200.000000
2013-07-16,13.031043,13.159056,12.959246,13.143476,216538000.000000
2013-07-17,13.128195,13.205186,13.082977,13.146831,198990400.000000
2013-07-18,13.240626,13.286149,13.155998,13.191133,218878800.000000
2013-07-19,13.232071,13.258956,12.964741,12.983072,268721600.000000
2013-07-22,13.120866,13.129726,12.998963,13.024627,207796400.000000
2013-07-23,13.015153,13.044482,12.792429,12.800983,369395600.000000
2013-07-24,13.410189,13.583114,13.298064,13.458462,591936800.000000
2013-07-25,13.464269,13.485655,13.314869,13.397054,229493600.000000
2013-07-26,13.299291,13.474659,13.269961,13.473132,200152400.000000
2013-07-29,13.467326,13.748100,13.448996,13.680885,248057600.000000
2013-07-30,13.747178,13.966847,13.724875,13.849833,309422400.000000
2013-07-31,13.900855,13.972651,13.730985,13.825696,322957600.000000
2013-08-01,13.924077,13.956155,13.848001,13.952489,206250800.000000
2013-08-02,13.993120,14.140992,13.951875,14.131520,274783600.000000
2013-08-05,14.197215,14.379916,14.119614,14.342643,318855600.000000
2013-08-06,14.298949,14.417185,14.120219,14.214320,334857600.000000
2013-08-07,14.170021,14.267788,14.108001,14.206073,298858000.000000
2013-08-08,14.265426,14.272807,14.083670,14.177778,255777200.000000
2013-08-09,14.104891,14.160864,13.951431,13.976033,266865200.000000
2013-08-12,14.050152,14.412737,14.043078,14.373066,364434000.000000
2013-08-13,14.483166,15.212645,14.394286,15.056108,881941200.000000
2013-08-14,15.311671,15.507572,15.173895,15.330738,756372400.000000
2013-08-15,15.266763,15.450670,15.041029,15.312585,490294000.000000
2013-08-16,15.381476,15.467279,15.341805,15.448520,362306000.000000
2013-08-19,15.510331,15.799416,15.499876,15.614895,510518400.000000
2013-08-20,15.675485,15.701933,15.402084,15.409772,358688400.000000
2013-08-21,15.487271,15.596754,15.413770,15.449445,335879600.000000
2013-08-22,15.530018,15.548777,15.321507,15.467895,244207600.000000
2013-08-23,15.477436,15.479896,15.356882,15.408240,222731600.000000
2013-08-26,15.399937,15.690561,15.392249,15.468211,330965600.000000
2013-08-27,15.315360,15.454061,14.955542,15.025968,424188800.000000
2013-08-28,14.946321,15.247708,14.946321,15.097013,307608000.000000
2013-08-29,15.120070,15.269226,15.104078,15.121608,239657600.000000
2013-08-30,15.130834,15.160050,14.961689,14.983832,272297200.000000
2013-09-03,15.164665,15.395318,14.987832,15.025659,331928800.000000
2013-09-04,15.363332,15.445753,15.262459,15.336576,345032800.000000
2013-09-05,15.384553,15.397778,15.181270,15.231399,236367600.000000
2013-09-06,15.328894,15.357801,15.067794,15.322127,359525600.000000
2013-09-09,15.530638,15.620439,15.483892,15.566620,340687200.000000
2013-09-10,15.567536,15.605978,15.053949,15.212023,743195600.000000
2013-09-11,14.362298,14.567733,14.294640,14.383827,898696400.000000
2013-09-12,14.408122,14.620322,14.331544,14.536981,404051200.000000
2013-09-13,14.433956,14.510533,14.291261,14.297410,298835600.000000
2013-09-16,14.177464,14.196222,13.753677,13.842862,543706800.000000
2013-09-17,13.776439,14.137796,13.762293,14.002787,399380800.000000
2013-09-18,14.244512,14.342001,14.167012,14.290643,456862000.000000
2013-09-19,14.475779,14.633545,14.431185,14.524984,404541200.000000
2013-09-20,14.700283,14.717197,14.331238,14.374601,699302800.000000
2013-09-23,15.256925,15.281836,14.841750,15.089010,762106800.000000
2013-09-24,15.219398,15.237542,15.002277,15.041641,364344400.000000
2013-09-25,15.044724,15.058254,14.805767,14.808842,316957200.000000
2013-09-26,14.946320,15.025048,14.881736,14.953085,237221600.000000
2013-09-27,14.878042,14.905413,14.783936,14.846366,228040400.000000
2013-09-30,14.677221,14.812844,14.589880,14.661844,260156400.000000
2013-10-01,14.714117,15.042875,14.711963,15.006585,353883600.000000
2013-10-02,14.934928,15.124677,14.877111,15.055789,289184000.000000
2013-10-03,15.085008,15.141596,14.784546,14.866657,322753200.000000
2013-10-04,14.880498,14.903255,14.718734,14.854973,258868400.000000
2013-10-07,14.963536,15.150825,14.926324,15.000133,312292400.000000
2013-10-08,15.067483,15.089012,14.778399,14.790701,290917200.000000
2013-10-09,14.904485,15.001358,14.708892,14.964455,301725200.000000
2013-10-10,15.109919,15.142516,14.978292,15.058251,278602800.000000
2013-10-11,14.976760,15.187422,14.920480,15.155746,267738800.000000
2013-10-14,15.064101,15.302441,15.049338,15.255080,261898000.000000
2013-10-15,15.300292,15.438377,15.239093,15.336274,320073600.000000
2013-10-16,15.401159,15.454671,15.353184,15.411000,251101200.000000
2013-10-17,15.376255,15.523873,15.367029,15.515262,253593200.000000
2013-10-18,15.561080,15.661644,15.552469,15.650266,290542000.000000
2013-10-21,15.738831,16.124176,15.731143,16.033760,398106800.000000
2013-10-22,16.189073,16.251810,15.623818,15.987943,534063600.000000
2013-10-23,15.961188,16.166318,15.961188,16.144482,313723200.000000
2013-10-24,16.145710,16.375442,16.067290,16.358219,384764800.000000
2013-10-25,16.340073,16.398812,16.149093,16.175234,337792000.000000
2013-10-28,16.269952,16.330231,16.090658,16.295786,550440800.000000
2013-10-29,16.492303,16.583949,15.824024,15.889836,635807200.000000
2013-10-30,15.979948,16.223210,15.900295,16.142635,354163600.000000
2013-10-31,16.145708,16.222285,16.030996,16.074974,275696400.000000
2013-11-01,16.115572,16.139560,15.864006,15.992865,274890000.000000
2013-11-04,16.025771,16.201683,15.955345,16.199530,244627600.000000
2013-11-05,16.132793,16.265341,16.084201,16.159548,265213200.000000
2013-11-06,16.213680,16.235643,16.029627,16.113766,223375600.000000
2013-11-07,16.072324,16.183992,15.849604,15.853005,262620400.000000
2013-11-08,15.917646,16.120259,15.856088,16.102627,279316800.000000
2013-11-11,16.084997,16.136964,15.912389,16.055920,227452400.000000
2013-11-12,16.013234,16.206568,15.992510,16.085619,204276800.000000
2013-11-13,16.023446,16.154913,15.991275,16.104801,197220800.000000
2013-11-14,16.172233,16.372371,16.143155,16.337727,282419200.000000
2013-11-15,16.288846,16.366487,16.224196,16.239662,317920400.000000
2013-11-18,16.239666,16.307719,16.029628,16.042929,244944000.000000
2013-11-19,16.055308,16.189868,16.022519,16.071394,208938800.000000
2013-11-20,16.061484,16.098296,15.909912,15.930636,193916800.000000
2013-11-21,16.011067,16.122737,15.889500,16.120571,262026800.000000
2013-11-22,16.070457,16.152121,16.039834,16.079119,223725600.000000
2013-11-25,16.116863,16.266889,16.116245,16.201002,229311600.000000
2013-11-26,16.212752,16.584571,16.209042,16.499813,401382800.000000
2013-11-27,16.589825,16.889568,16.499808,16.888330,363448400.000000
2013-11-29,16.997222,17.270981,16.945564,17.201073,318127600.000000
2013-12-02,17.260773,17.456580,17.038673,17.051355,472544800.000000
2013-12-03,17.270060,17.520001,17.250881,17.518145,450968000.000000
2013-12-04,17.492771,17.606915,17.348003,17.477304,377809600.000000
2013-12-05,17.713948,17.790972,17.520925,17.567015,447580000.000000
2013-12-06,17.501745,17.531441,17.309341,17.323259,344352400.000000
2013-12-09,17.350477,17.618977,17.350477,17.521538,320493600.000000
2013-12-10,17.433378,17.566392,17.359756,17.494316,278269600.000000
2013-12-11,17.539170,17.661976,17.313049,17.364706,359718800.000000
2013-12-12,17.388840,17.487826,17.323571,17.339346,262290000.000000
2013-12-13,17.410803,17.411732,17.126837,17.150345,332822000.000000
2013-12-16,17.168595,17.404306,17.168286,17.245308,282592800.000000
2013-12-17,17.193034,17.305322,17.117866,17.167669,229902400.000000
2013-12-18,17.004025,17.058158,16.666852,17.037123,565863200.000000
2013-12-19,16.997844,17.013310,16.819359,16.841940,320308800.000000
2013-12-20,16.871948,17.063116,16.853078,16.982998,436413600.000000
2013-12-23,17.570103,17.654241,17.408013,17.634754,501306400.000000
2013-12-24,17.628566,17.690123,17.509163,17.559895,167554800.000000
2013-12-26,17.573199,17.616506,17.427194,17.443279,204008000.000000
2013-12-27,17.440808,17.459058,17.307176,17.325426,225884400.000000
2013-12-30,17.244075,17.325428,17.085076,17.153130,253629600.000000
2013-12-31,17.142300,17.362235,17.137040,17.354193,223084400.000000
2014-01-02,17.189011,17.230770,17.075795,17.110130,234684800.000000
2014-01-03,17.101773,17.127756,16.717271,16.734285,392467600.000000
2014-01-06,16.625095,16.914320,16.506001,16.825542,412610800.000000
2014-01-07,16.837606,16.888336,16.639633,16.705212,317209200.000000
2014-01-08,16.667162,16.875962,16.663451,16.811003,258529600.000000
2014-01-09,16.914322,16.916179,16.560136,16.596329,279148800.000000
2014-01-10,16.698718,16.728724,16.428980,16.485588,304976000.000000
2014-01-13,16.391854,16.781304,16.390926,16.571886,378492800.000000
2014-01-14,16.648915,16.912157,16.631592,16.901640,332561600.000000
2014-01-15,17.122189,17.328823,17.064653,17.240973,391638800.000000
2014-01-16,17.164876,17.225196,17.065270,17.144770,229278000.000000
2014-01-17,17.059087,17.077336,16.700878,16.724697,426739600.000000
2014-01-21,16.734597,17.015471,16.716965,16.984539,328526800.000000
2014-01-22,17.041454,17.238807,16.945561,17.060015,379985200.000000
2014-01-23,17.011450,17.214372,16.852763,17.204473,403239200.000000
2014-01-24,17.137036,17.187149,16.850904,16.891737,429354800.000000
2014-01-27,17.015472,17.161786,16.881840,17.028772,554878800.000000
2014-01-28,15.737621,15.930644,15.530676,15.667712,1065523200.000000
2014-01-29,15.588827,15.694618,15.423952,15.489840,502810000.000000
2014-01-30,15.545216,15.667713,15.364566,15.459840,678501600.000000
2014-01-31,15.317546,15.513972,15.267124,15.485204,464797200.000000
2014-02-03,15.547382,15.705761,15.444993,15.513973,401464000.000000
2014-02-04,15.647600,15.759270,15.552016,15.738544,376681200.000000
2014-02-05,15.669565,15.939303,15.659975,15.856092,328344800.000000
2014-02-06,15.872272,15.979320,15.802255,15.948512,257765200.000000
2014-02-07,16.224538,16.272772,16.100065,16.171637,370280400.000000
2014-02-10,16.139896,16.554705,16.119358,16.461349,345559200.000000
2014-02-11,16.511765,16.733950,16.477222,16.678249,282256800.000000
2014-02-12,16.709049,16.790268,16.593600,16.676996,308100800.000000
2014-02-13,16.637793,16.954891,16.623479,16.941822,307398000.000000
2014-02-14,16.880826,16.990053,16.841618,16.928125,272924400.000000
2014-02-18,16.990671,17.152175,16.978534,16.990360,260251600.000000
2014-02-19,16.951778,17.018372,16.628147,16.722124,313768000.000000
2014-02-20,16.585824,16.710610,16.461661,16.528566,305858000.000000
2014-02-21,16.579596,16.634987,16.324736,16.344963,278784800.000000
2014-02-24,16.279613,16.490284,16.256897,16.416533,288909600.000000
2014-02-25,16.473484,16.479396,16.212712,16.245697,231952000.000000
2014-02-26,16.293931,16.337185,16.044671,16.099129,276217200.000000
2014-02-27,16.092597,16.454816,16.058678,16.420275,301882000.000000
2014-02-28,16.464144,16.578350,16.247559,16.375769,371968800.000000
2014-03-03,16.288014,16.513001,16.269032,16.423069,238781200.000000
2014-03-04,16.523892,16.574926,16.423378,16.531359,259140000.000000
2014-03-05,16.521407,16.640589,16.465704,16.566217,200062800.000000
2014-03-06,16.579593,16.630939,16.433648,16.516111,185488800.000000
2014-03-07,16.526701,16.554396,16.369863,16.506474,220729600.000000
2014-03-10,16.441747,16.596405,16.441123,16.521410,178584000.000000
2014-03-11,16.662369,16.764747,16.573369,16.682283,279224400.000000
2014-03-12,16.633127,16.721502,16.555019,16.698475,199326400.000000
2014-03-13,16.724293,16.793375,16.466631,16.512999,257742800.000000
2014-03-14,16.455120,16.520469,16.274945,16.327536,237199200.000000
2014-03-17,16.421203,16.491841,16.363633,16.391329,199544800.000000
2014-03-18,16.365190,16.554078,16.343407,16.536341,209647200.000000
2014-03-19,16.563102,16.686952,16.461654,16.531982,224756000.000000
2014-03-20,16.489351,16.575861,16.410310,16.452320,208398400.000000
2014-03-21,16.552832,16.609468,16.378569,16.582083,374046400.000000
2014-03-24,16.754788,16.819514,16.650229,16.778749,355700800.000000
2014-03-25,16.850638,16.982891,16.791200,16.959240,282293200.000000
2014-03-26,17.006854,17.084028,16.768487,16.797115,299768000.000000
2014-03-27,16.804584,16.850640,16.652104,16.724920,222031600.000000
2014-03-28,16.751680,16.770974,16.625028,16.706247,200564000.000000
2014-03-31,16.780009,16.829176,16.677316,16.702524,168669200.000000
2014-04-01,16.734255,16.862154,16.703448,16.855307,200760000.000000
2014-04-02,16.878020,16.912251,16.812050,16.883310,180420800.000000
2014-04-03,16.847222,16.881763,16.730528,16.766314,162344000.000000
2014-04-04,16.798049,16.803961,16.510826,16.549412,275251200.000000
2014-04-07,16.431165,16.520786,16.240410,16.289576,289850400.000000
2014-04-08,16.343100,16.372041,16.141141,16.288643,243888400.000000
2014-04-09,16.263749,16.508029,16.244456,16.502739,206169600.000000
2014-04-10,16.513932,16.562478,16.280233,16.289881,239652000.000000
2014-04-11,16.150476,16.269662,16.092597,16.169460,271717600.000000
2014-04-14,16.240721,16.248811,16.094776,16.233875,205674000.000000
2014-04-15,16.190002,16.232634,15.911803,16.118118,266490000.000000
2014-04-16,16.120907,16.215508,15.999234,16.150782,214765600.000000
2014-04-17,16.181597,16.423077,16.156702,16.335321,284334400.000000
2014-04-21,16.347764,16.559370,16.304821,16.529186,182548800.000000
2014-04-22,16.440188,16.549726,16.383865,16.545681,202563200.000000
2014-04-23,16.463524,16.527939,16.320066,16.329403,394940000.000000
2014-04-24,17.681818,17.737520,17.449051,17.668125,759911600.000000
2014-04-25,17.567299,17.799442,17.549563,17.797888,390275200.000000
2014-04-28,17.824648,18.538817,17.816867,18.487160,669485600.000000
2014-04-29,18.476260,18.545965,18.344629,18.432383,337377600.000000
2014-04-30,18.442037,18.653331,18.353660,18.362684,456640800.000000
2014-05-01,18.422121,18.509253,18.246614,18.405941,244048000.000000
2014-05-02,18.432701,18.490582,18.350859,18.440168,191514400.000000
2014-05-05,18.364239,18.702186,18.359882,18.700939,287067200.000000
2014-05-06,18.727079,18.808297,18.497114,18.497114,374564400.000000
2014-05-07,18.523249,18.586730,18.289238,18.432383,282864400.000000
2014-05-08,18.407668,18.600429,18.349778,18.399532,230297200.000000
2014-05-09,18.291570,18.345079,18.159828,18.322863,291597600.000000
2014-05-12,18.383887,18.576959,18.381069,18.550987,213208800.000000
2014-05-13,18.525019,18.604501,18.484341,18.580093,159737200.000000
2014-05-14,18.538474,18.693996,18.516882,18.583534,166404000.000000
2014-05-15,18.609500,18.668954,18.401093,18.425501,230846000.000000
2014-05-16,18.419557,18.698058,18.318484,18.697433,276256400.000000
2014-05-19,18.708073,19.004724,18.691801,18.918983,317755200.000000
2014-05-20,18.916477,18.975618,18.798192,18.922735,234836000.000000
2014-05-21,18.895200,18.985008,18.839814,18.972805,196859600.000000
2014-05-22,18.981883,19.083583,18.903653,19.002848,200760000.000000
2014-05-23,19.002223,19.236290,18.977816,19.217514,232209600.000000
2014-05-27,19.272275,19.584572,19.264452,19.577375,348866000.000000
2014-05-28,19.589577,19.708801,19.519482,19.526680,315481600.000000
2014-05-29,19.646842,19.929099,19.644339,19.882473,376474000.000000
2014-05-30,19.963835,20.157534,19.679702,19.808001,564020800.000000
2014-06-02,19.838036,19.865259,19.479426,19.671873,369350800.000000
2014-06-03,19.665936,19.987621,19.659365,19.950069,292709200.000000
2014-06-04,19.946939,20.273944,19.905320,20.177876,335482000.000000
2014-06-05,20.221054,20.320251,20.108716,20.257040,303805600.000000
2014-06-06,20.336844,20.379402,20.166928,20.201347,349938400.000000
2014-06-09,20.305542,20.564016,20.097449,20.524588,301660000.000000
2014-06-10,20.750212,20.820306,20.496118,20.645069,251108000.000000
2014-06-11,20.618783,20.756782,20.474213,20.559641,182724000.000000
2014-06-12,20.599061,20.616585,20.130303,20.215731,218996000.000000
2014-06-13,20.196015,20.248587,19.906875,19.994493,218100000.000000
2014-06-16,20.044878,20.316494,20.031734,20.196018,142244000.000000
2014-06-17,20.220116,20.305544,20.108404,20.169737,118904000.000000
2014-06-18,20.211358,20.215740,20.009836,20.191645,134056000.000000
2014-06-19,20.215734,20.217925,20.007639,20.121544,142112000.000000
2014-06-20,20.119356,20.272689,19.911263,19.913454,403592000.000000
2014-06-23,20.003261,20.068976,19.845548,19.895929,174776000.000000
2014-06-24,19.878411,20.095266,19.755746,19.775459,156144000.000000
2014-06-25,19.760123,19.867455,19.637458,19.792980,147476000.000000
2014-06-26,19.795169,19.944120,19.670312,19.911263,130516000.000000
2014-06-27,19.893731,20.152205,19.882778,20.147825,256116000.000000
2014-06-30,20.174114,20.531160,20.171923,20.355923,197929200.000000
2014-07-01,20.485161,20.605637,20.399733,20.485161,152892000.000000
2014-07-02,20.561832,20.603449,20.390975,20.476404,113860000.000000
2014-07-03,20.518018,20.612207,20.415066,20.596874,91567200.000000
2014-07-07,20.620975,21.026210,20.612213,21.021830,225872000.000000
2014-07-08,21.087535,21.203630,20.572778,20.886013,260888000.000000
2014-07-09,20.905734,21.017446,20.756783,20.894781,145744000.000000
2014-07-10,20.537737,20.929829,20.485165,20.818115,158744000.000000
2014-07-11,20.888210,21.004304,20.778687,20.857544,136072000.000000
2014-07-14,20.997730,21.223347,20.951731,21.126966,171240000.000000
2014-07-15,21.203636,21.214588,20.815924,20.879448,181911600.000000
2014-07-16,21.240873,21.269348,20.752400,20.761162,213585200.000000
2014-07-17,20.815918,20.870679,20.277065,20.390968,229192000.000000
2014-07-18,20.507067,20.752398,20.375639,20.684494,199952000.000000
2014-07-21,20.807161,20.809352,20.528973,20.577164,156316000.000000
2014-07-22,20.739254,20.785254,20.616589,20.748016,220788000.000000
2014-07-23,20.901345,21.440197,20.846583,21.289057,371672000.000000
2014-07-24,21.256212,21.317544,21.120403,21.254021,182916000.000000
2014-07-25,21.214582,21.431437,21.168583,21.394199,173876000.000000
2014-07-28,21.427059,21.738103,21.367917,21.689913,221272000.000000
2014-07-29,21.757817,21.781912,21.521247,21.549723,172572000.000000
2014-07-30,21.562867,21.619818,21.394201,21.499344,132040000.000000
2014-07-31,21.282486,21.346007,20.881631,20.940773,227372000.000000
2014-08-01,20.787446,21.164205,20.767731,21.056871,194044000.000000
2014-08-04,21.109442,21.155442,20.846586,20.938585,159832000.000000
2014-08-05,20.888205,20.958299,20.669159,20.835634,223732000.000000
2014-08-06,20.754587,20.914491,20.745825,20.800587,154232000.000000
2014-08-07,20.897455,21.121993,20.714743,20.798395,186844000.000000
2014-08-08,20.749959,20.873234,20.534226,20.855623,167460000.000000
2014-08-11,20.972295,21.150606,20.877637,21.130793,146340000.000000
2014-08-12,21.141798,21.326711,21.047140,21.126389,135180000.000000
2014-08-13,21.166011,21.405958,21.141796,21.405958,127664000.000000
2014-08-14,21.425766,21.478598,21.309094,21.463188,112464000.000000
2014-08-15,21.551252,21.615091,21.322311,21.568863,195804000.000000
2014-08-18,21.681118,21.874838,21.568850,21.828609,190288000.000000
2014-08-19,21.883657,22.163228,21.863843,22.130207,277596000.000000
2014-08-20,22.110391,22.253477,22.002523,22.139008,210796000.000000
2014-08-21,22.139013,22.220463,22.037750,22.141214,133912000.000000
2014-08-22,22.077370,22.337130,22.055357,22.304110,176736000.000000
2014-08-25,22.407577,22.491228,22.295307,22.352543,161080000.000000
2014-08-26,22.326123,22.343734,22.202848,22.209452,132608000.000000
2014-08-27,22.238072,22.579282,22.167628,22.482422,209476000.000000
2014-08-28,22.363549,22.625510,22.356945,22.508839,273840000.000000
2014-08-29,22.643120,22.651926,22.497830,22.563871,178380000.000000
2014-09-02,22.687151,22.836843,22.612306,22.739985,214256000.000000
2014-09-03,22.695948,22.717961,21.700937,21.780186,501684000.000000
2014-09-04,21.760378,22.033345,21.527035,21.599680,342872000.000000
2014-09-05,21.749370,21.879249,21.641503,21.786793,233828000.000000
2014-09-08,21.859441,21.861641,21.584272,21.652514,185426800.000000
2014-09-09,21.811007,22.691548,21.163808,21.571058,759385200.000000
2014-09-10,21.575465,22.257884,21.520431,22.233669,403478400.000000
2014-09-11,22.103786,22.330525,21.929879,22.328323,249412400.000000
2014-09-12,22.279896,22.495629,22.251279,22.378958,250504400.000000
2014-09-15,22.632114,22.684948,22.330530,22.372355,245266000.000000
2014-09-16,21.969506,22.290903,21.769182,22.202848,267632400.000000
2014-09-17,22.293108,22.409781,22.143416,22.361351,243706000.000000
2014-09-18,22.438398,22.530855,22.356948,22.407579,149197600.000000
2014-09-19,22.517640,22.530847,22.123597,22.224859,283609600.000000
2014-09-22,22.409775,22.484620,22.141210,22.246874,211153600.000000
2014-09-23,22.145608,22.660726,22.132401,22.594685,253608800.000000
2014-09-24,22.489026,22.640918,22.277694,22.398769,240687200.000000
2014-09-25,22.125804,22.169831,21.511627,21.544647,400368000.000000
2014-09-26,21.689938,22.178638,21.661321,22.178638,249482000.000000
2014-09-29,21.716349,22.110391,21.711945,22.037746,199065200.000000
2014-09-30,22.191846,22.352546,22.130208,22.178638,221056400.000000
2014-10-01,22.143419,22.165434,21.727363,21.833029,205965200.000000
2014-10-02,21.852837,22.061967,21.582072,21.991524,191031200.000000
2014-10-03,21.890258,22.059761,21.802203,21.929882,173878400.000000
2014-10-06,22.002525,22.156621,21.885854,21.929882,148204800.000000
2014-10-07,21.888050,22.039943,21.733956,21.738358,168376800.000000
2014-10-08,21.740569,22.257887,21.641507,22.189646,229618800.000000
2014-10-09,22.352539,22.537452,22.147813,22.238068,309506000.000000
2014-10-10,22.165434,22.460415,22.079582,22.174240,265326400.000000
2014-10-13,22.306315,22.405375,21.971708,21.971708,214333600.000000
2014-10-14,22.099379,22.127996,21.698733,21.738358,254754400.000000
2014-10-15,21.566664,21.826424,20.952486,21.472006,403734400.000000
2014-10-16,21.033932,21.511625,21.003113,21.190228,288618000.000000
2014-10-17,21.463195,21.793398,21.311301,21.500618,272718800.000000
2014-10-20,21.643704,22.004725,21.621691,21.960699,310069200.000000
2014-10-21,22.678340,22.678340,22.293103,22.557266,378495600.000000
2014-10-22,22.638715,22.918288,22.585883,22.671736,273052400.000000
2014-10-23,22.911679,23.125210,22.812617,23.076780,284298800.000000
2014-10-24,23.153830,23.222072,23.010742,23.162636,188215600.000000
2014-10-27,23.081188,23.219875,23.048168,23.138424,136750800.000000
2014-10-28,23.202265,23.497246,23.191258,23.497246,192243600.000000
2014-10-29,23.477434,23.635931,23.413594,23.629326,210751600.000000
2014-10-30,23.545680,23.631532,23.312337,23.550083,162619200.000000
2014-10-31,23.776818,23.783422,23.600709,23.774616,178557200.000000
2014-11-03,23.823048,24.280930,23.776820,24.082808,209130400.000000
2014-11-04,24.073996,24.102613,23.712974,23.906693,166297600.000000
2014-11-05,24.016764,24.060792,23.803233,23.963932,149743600.000000
2014-11-06,24.010366,24.052373,23.833495,24.032475,139874000.000000
2014-11-07,24.043526,24.169547,23.999308,24.101009,134766000.000000
2014-11-10,24.103224,24.171763,24.025843,24.061218,108782000.000000
2014-11-11,24.032465,24.264610,23.966140,24.253555,109769200.000000
2014-11-12,24.182808,24.636043,24.180598,24.596247,187769600.000000
2014-11-13,24.717850,25.082647,24.673631,24.943361,238091600.000000
2014-11-14,25.016323,25.246257,24.587408,25.244045,176254400.000000
2014-11-17,25.263935,25.929416,25.049479,25.202030,186986800.000000
2014-11-18,25.190982,25.577889,25.179927,25.529249,176896000.000000
2014-11-19,25.522611,25.588937,25.160024,25.352371,167476800.000000
2014-11-20,25.405439,25.836564,25.392173,25.714964,173582000.000000
2014-11-21,25.980269,25.993534,25.653056,25.750336,228717200.000000
2014-11-24,25.834356,26.258848,25.783506,26.227896,189803200.000000
2014-11-25,26.325168,26.475509,25.967002,26.000166,275361600.000000
2014-11-26,26.075343,26.331807,26.051023,26.309698,163073200.000000
2014-11-28,26.369388,26.398131,26.099660,26.294218,99257600.000000
2014-12-01,26.267689,26.364969,24.600671,25.440813,335256000.000000
2014-12-02,25.093700,25.591152,24.927882,25.343531,237395600.000000
2014-12-03,25.591158,25.723812,25.449661,25.630955,172253600.000000
2014-12-04,25.595577,25.911736,25.489455,25.533672,168178000.000000
2014-12-05,25.644212,25.664110,25.345741,25.425333,153275600.000000
2014-12-08,25.226356,25.347956,24.678054,24.850504,230659600.000000
2014-12-09,24.361893,25.270572,24.176176,25.230776,240832000.000000
2014-12-10,25.294895,25.392174,24.660367,24.751013,178261200.000000
2014-12-11,24.819554,25.160033,24.616150,24.678057,165606800.000000
2014-12-12,24.421595,24.733333,24.227037,24.260201,224112400.000000
2014-12-15,24.474649,24.673630,23.512908,23.928558,268872400.000000
2014-12-16,23.517335,24.355266,23.493015,23.601349,243162800.000000
2014-12-17,23.683142,24.284505,23.616814,24.189438,213647200.000000
2014-12-18,24.733327,24.905777,24.465809,24.905777,236024800.000000
2014-12-19,24.819550,25.036218,24.686897,24.713427,353719200.000000
2014-12-22,24.797445,25.091493,24.755437,24.969894,180670000.000000
2014-12-23,25.034009,25.056118,24.863769,24.881456,104113600.000000
2014-12-24,24.890300,24.919041,24.764278,24.764278,57918400.000000
2014-12-26,24.784171,25.319208,24.764273,25.202030,134884000.000000
2014-12-29,25.157820,25.374487,25.137921,25.184351,110395600.000000
2014-12-30,25.124651,25.186556,24.786383,24.877029,119526000.000000
2014-12-31,24.943364,25.011901,24.366319,24.403904,165613600.000000
2015-01-02,24.627203,24.638258,23.734000,24.171759,212818400.000000
2015-01-05,23.941815,24.021407,23.305077,23.490791,257142000.000000
2015-01-06,23.554920,23.751690,23.132638,23.493015,263188400.000000
2015-01-07,23.700831,23.921921,23.590287,23.822432,160423600.000000
2015-01-08,24.149653,24.795235,24.032474,24.737751,237458000.000000
2015-01-09,24.910197,25.038429,24.366316,24.764278,214798000.000000
2015-01-12,24.894723,24.901355,24.054582,24.154072,198603200.000000
2015-01-13,24.636043,24.938937,24.078897,24.368525,268367600.000000
2015-01-14,24.107642,24.428222,23.988253,24.275671,195826400.000000
2015-01-15,24.319889,24.333154,23.581450,23.616823,240056000.000000
2015-01-16,23.663247,23.784847,23.258652,23.433313,314053200.000000
2015-01-20,23.842332,24.092164,23.546072,24.036892,199599600.000000
2015-01-21,24.087743,24.554242,23.937401,24.220398,194303600.000000
2015-01-22,24.377372,24.865980,24.257983,24.850504,215185600.000000
2015-01-23,24.828396,25.148975,24.658156,24.978737,185859200.000000
2015-01-26,25.146764,25.283840,24.938940,25.005266,222460000.000000
2015-01-27,24.854922,24.868188,24.105427,24.129747,382274800.000000
2015-01-28,26.006804,26.115139,25.493876,25.493876,585908400.000000
2015-01-29,25.717180,26.351708,25.549151,26.287592,337745600.000000
2015-01-30,26.177034,26.530778,25.834345,25.902884,334982000.000000
2015-02-02,26.099665,26.347284,25.664117,26.227896,250956400.000000
2015-02-03,26.199142,26.329584,26.002372,26.232306,207662800.000000
2015-02-04,26.199157,26.643548,26.157149,26.433512,280598800.000000
2015-02-05,26.639935,26.686548,26.469024,26.622179,168984800.000000
2015-02-06,26.639927,26.690980,26.291447,26.397989,174826400.000000
2015-02-09,26.313650,26.599980,26.287013,26.573345,155559200.000000
2015-02-10,26.673223,27.112709,26.671004,27.083853,248034000.000000
2015-02-11,27.250325,27.727545,27.190396,27.718666,294247200.000000
2015-02-12,27.980585,28.295773,27.871824,28.069370,297898000.000000
2015-02-13,28.251381,28.251381,27.889583,28.206989,217088800.000000
2015-02-17,28.297985,28.606514,28.171467,28.373453,252609600.000000
2015-02-18,28.329061,28.584318,28.289108,28.571001,179566800.000000
2015-02-19,28.517731,28.639811,28.484438,28.511072,149449600.000000
2015-02-20,28.548805,28.744133,28.422288,28.744133,195793600.000000
2015-02-23,28.859553,29.521000,28.779646,29.521000,283896400.000000
2015-02-24,29.507673,29.654169,29.114799,29.336761,276912400.000000
2015-02-25,29.201377,29.210258,28.444484,28.586540,298846800.000000
2015-02-26,28.586543,29.048226,28.102667,28.948343,365150000.000000
2015-02-27,28.855117,28.981637,28.464464,28.513296,248059200.000000
2015-03-02,28.688641,28.917262,28.477777,28.653126,192386800.000000
2015-03-03,28.624275,28.748573,28.431165,28.713058,151265200.000000
2015-03-04,28.655352,28.757452,28.482221,28.531050,126665200.000000
2015-03-05,28.539931,28.577665,27.913997,28.058273,226068400.000000
2015-03-06,28.499976,28.715280,28.024978,28.100445,291368400.000000
2015-03-09,28.402314,28.759675,27.758622,28.220304,354114000.000000
2015-03-10,28.058276,28.238065,27.478954,27.636547,275426400.000000
2015-03-11,27.689815,27.694253,27.103834,27.132689,275756000.000000
2015-03-12,27.148227,27.723110,26.997292,27.623226,193450800.000000
2015-03-13,27.612124,27.834086,27.208152,27.432333,207309200.000000
2015-03-16,27.496709,27.734209,27.272528,27.734209,143497200.000000
2015-03-17,27.945074,28.260260,27.889583,28.198111,204092400.000000
2015-03-18,28.189229,28.668669,28.049394,28.515514,261083600.000000
2015-03-19,28.577664,28.688645,28.278015,28.300211,183238000.000000
2015-03-20,28.466682,28.499975,27.780819,27.945070,274780400.000000
2015-03-23,28.215858,28.377890,28.082680,28.235834,150838800.000000
2015-03-24,28.240282,28.420070,28.091566,28.120422,131369200.000000
2015-03-25,28.087123,28.149272,27.385721,27.385721,206620800.000000
2015-03-26,27.248105,27.718664,27.212590,27.576609,190291600.000000
2015-03-27,27.649859,27.678714,27.281402,27.356869,158184800.000000
2015-03-30,27.534438,28.056049,27.523339,28.049391,188398800.000000
2015-03-31,27.987241,28.076026,27.603247,27.618784,168362400.000000
2015-04-01,27.705357,27.771946,27.323581,27.578838,162485600.000000
2015-04-02,27.751961,27.869600,27.565513,27.816330,128880400.000000
2015-04-06,27.627669,28.302435,27.596594,28.266920,148776000.000000
2015-04-07,28.331281,28.437822,27.962824,27.969482,140049200.000000
2015-04-08,27.933973,28.056053,27.738647,27.878483,149316800.000000
2015-04-09,27.933969,28.096002,27.669835,28.091562,129936000.000000
2015-04-10,27.956171,28.235844,27.803018,28.211428,160752000.000000
2015-04-13,28.493319,28.537715,28.102667,28.155937,145460400.000000
2015-04-14,28.189230,28.253600,27.947292,28.033857,102098400.000000
2015-04-15,28.058271,28.218083,27.969486,28.140396,115881600.000000
2015-04-16,28.029417,28.211426,27.991684,28.005001,113476000.000000
2015-04-17,27.867384,27.998341,27.625444,27.689814,207828000.000000
2015-04-20,27.871821,28.437825,27.783036,28.322405,188217200.000000
2015-04-21,28.433388,28.455582,28.115980,28.169252,129740400.000000
2015-04-22,28.187011,28.604300,28.038296,28.548809,150618000.000000
2015-04-23,28.477777,28.948336,28.442262,28.781864,183083600.000000
2015-04-24,28.963880,28.994955,28.684206,28.917267,178103600.000000
2015-04-27,29.367840,29.549850,29.110362,29.443306,387816800.000000
2015-04-28,29.845068,29.862822,28.759671,28.979412,475696000.000000
2015-04-29,28.890626,29.208030,28.477775,28.553242,253544400.000000
2015-04-30,28.553249,28.553249,27.652082,27.778601,332781600.000000
2015-05-01,27.989468,28.883978,27.811899,28.622061,234050400.000000
2015-05-04,28.744135,28.981637,28.468901,28.566565,203953200.000000
2015-05-05,28.444482,28.511072,27.918432,27.922873,197085600.000000
2015-05-06,28.091569,28.133742,27.381290,27.747528,288564000.000000
2015-05-07,27.809936,28.101923,27.642769,27.919153,175763600.000000
2015-05-08,28.235649,28.445166,28.108602,28.445166,222201600.000000
2015-05-11,28.393904,28.431795,28.001618,28.155413,168143200.000000
2015-05-12,27.994930,28.280228,27.821076,28.055111,192640000.000000
2015-05-13,28.117520,28.349325,28.055111,28.086315,138776800.000000
2015-05-14,28.398367,28.741615,28.342644,28.741615,180814000.000000
2015-05-15,28.768364,28.861977,28.576678,28.701496,152832000.000000
2015-05-18,28.614576,29.136137,28.610117,29.018005,203531600.000000
2015-05-19,29.129443,29.171793,28.895409,28.991253,178532800.000000
2015-05-20,28.975650,29.194081,28.828542,28.989023,145819600.000000
2015-05-21,28.991251,29.338958,28.937756,29.285463,158921600.000000
2015-05-22,29.332277,29.637634,29.287696,29.541790,182384000.000000
2015-05-26,29.555155,29.624250,28.779497,28.890942,282790400.000000
2015-05-27,29.051432,29.479380,28.986795,29.430344,183332800.000000
2015-05-28,29.390217,29.410276,29.220822,29.372385,122933200.000000
2015-05-29,29.249804,29.298840,28.953360,29.038059,203538000.000000
2015-06-01,29.038049,29.285456,28.986785,29.095999,128451200.000000
2015-06-02,28.944440,29.122752,28.824081,28.966730,134670400.000000
2015-06-03,29.122754,29.185163,28.953356,29.002392,123934000.000000
2015-06-04,28.882034,29.104924,28.732699,28.832998,153800400.000000
2015-06-05,28.864205,28.906555,28.610111,28.674747,142507200.000000
2015-06-08,28.730461,28.799560,28.269082,28.485285,210699200.000000
2015-06-09,28.240108,28.547697,27.999389,28.400589,224301600.000000
2015-06-10,28.512040,28.828542,28.496437,28.726015,156349200.000000
2015-06-11,28.792875,29.015765,28.636853,28.661371,141563600.000000
2015-06-12,28.572220,28.603424,28.331499,28.344872,147544800.000000
2015-06-15,28.106379,28.360473,28.019452,28.289148,175955600.000000
2015-06-16,28.313671,28.496440,28.166564,28.440718,125976400.000000
2015-06-17,28.467457,28.503119,28.249025,28.373844,131672400.000000
2015-06-18,28.358245,28.598965,28.356016,28.503122,141628800.000000
2015-06-19,28.465229,28.489747,28.173244,28.217821,218867600.000000
2015-06-22,28.416204,28.543251,28.324820,28.442951,136157200.000000
2015-06-23,28.413967,28.442942,28.280232,28.313665,121075600.000000
2015-06-24,28.353787,28.931072,28.333728,28.554388,221123600.000000
2015-06-25,28.721557,28.797338,28.418427,28.418427,127752400.000000
2015-06-26,28.456319,28.527643,28.197768,28.251261,176267200.000000
2015-06-29,27.963719,28.188838,27.745288,27.756432,196645600.000000
2015-06-30,27.988247,28.110837,27.829996,27.957043,177482800.000000
2015-07-01,28.284689,28.293604,28.081858,28.217821,120955200.000000
2015-07-02,28.179932,28.237884,28.032824,28.182161,108844000.000000
2015-07-06,27.847823,28.135351,27.827762,28.084085,112241600.000000
2015-07-07,28.059575,28.117527,27.587048,28.014997,187787200.000000
2015-07-08,27.745304,27.780965,27.312897,27.319584,243046400.000000
2015-07-09,27.604874,27.651681,26.572896,26.762352,314380000.000000
2015-07-10,27.179154,27.604872,27.016444,27.477825,245418000.000000
2015-07-13,27.867887,28.030597,27.709635,28.008308,165762000.000000
2015-07-14,28.093012,28.166566,27.870122,27.997169,127072400.000000
2015-07-15,28.021679,28.340411,27.990475,28.266857,134596800.000000
2015-07-16,28.471915,28.656916,28.384988,28.643539,144889600.000000
2015-07-17,28.770583,28.890942,28.598957,28.890942,184658800.000000
2015-07-20,29.191847,29.637626,29.131666,29.437027,235600800.000000
2015-07-21,29.610884,29.626485,29.046974,29.142815,307025600.000000
2015-07-22,27.190297,27.972639,27.190297,27.910231,461802400.000000
2015-07-23,28.128668,28.327039,27.874574,27.896864,203998000.000000
2015-07-24,27.932523,28.026137,27.616021,27.749754,168649200.000000
2015-07-27,27.435474,27.551377,27.219272,27.364149,177822000.000000
2015-07-28,27.500114,27.618247,27.315117,27.500114,134472400.000000
2015-07-29,27.448852,27.526863,27.252708,27.413189,148046800.000000
2015-07-30,27.263856,27.319579,27.127894,27.275002,134513200.000000
2015-07-31,27.326266,27.335182,26.949584,27.036510,171540000.000000
2015-08-03,27.081090,27.319581,26.193988,26.399048,279904000.000000
2015-08-04,26.171694,26.234103,25.242245,25.552061,496554400.000000
2015-08-05,25.175378,26.176153,24.985922,25.721458,397250400.000000
2015-08-06,25.965501,26.084167,25.551290,25.777426,211612000.000000
2015-08-07,25.654287,26.028197,25.636374,25.864750,154681600.000000
2015-08-10,26.090888,26.865576,26.090888,26.805124,219806400.000000
2015-08-11,26.377484,26.460327,25.374419,25.410242,388331200.000000
2015-08-12,25.195295,25.842361,24.545989,25.802059,404870000.000000
2015-08-13,25.981187,26.061791,25.645339,25.781918,194143200.000000
2015-08-14,25.596075,26.041632,25.526667,25.963268,171718000.000000
2015-08-17,25.981180,26.341657,25.860275,26.231947,163538800.000000
2015-08-18,26.068504,26.294642,25.974467,26.084177,138242800.000000
2015-08-19,25.994619,26.088656,25.676683,25.750570,193146000.000000
2015-08-20,25.542343,25.602795,24.993791,25.222168,274006400.000000
2015-08-21,24.725112,25.054243,23.654877,23.679506,513102000.000000
2015-08-24,21.241254,24.360161,20.598665,23.088417,648825200.000000
2015-08-25,24.877363,24.877363,23.173495,23.227230,414406400.000000
2015-08-26,23.977288,24.604204,23.520537,24.559425,387098400.000000
2015-08-27,25.128129,25.354265,24.633312,25.282618,338464400.000000
2015-08-28,25.114689,25.369933,24.973633,25.365456,212657600.000000
2015-08-31,25.083345,25.643091,25.076629,25.246792,224917200.000000
2015-09-01,24.662426,25.049770,24.037749,24.118353,307383600.000000
2015-09-02,24.680337,25.152761,24.434047,25.152761,247555200.000000
2015-09-03,25.186339,25.251270,24.637789,24.711676,212935600.000000
2015-09-04,24.398223,24.729591,24.295230,24.465391,199985200.000000
2015-09-08,25.020655,25.202013,24.700481,25.146038,219374400.000000
2015-09-09,25.470696,25.528908,24.577340,24.662422,340043200.000000
2015-09-10,24.689283,25.363218,24.606442,25.204250,251571200.000000
2015-09-11,25.029612,25.571445,25.022895,25.571445,199662000.000000
2015-09-14,26.102086,26.171494,25.716980,25.817734,233453600.000000
2015-09-15,25.956548,26.090887,25.618461,26.034912,173364800.000000
2015-09-16,26.028201,26.093132,25.846844,26.064026,148694000.000000
2015-09-17,25.896104,26.081938,25.461740,25.506519,256450400.000000
2015-09-18,25.123653,25.591602,25.047529,25.401287,297141200.000000
2015-09-21,25.450541,25.831170,25.448304,25.795345,200888000.000000
2015-09-22,25.385610,25.564730,25.193057,25.390089,201384800.000000
2015-09-23,25.441586,25.685637,25.367701,25.596077,143026800.000000
2015-09-24,25.356497,25.860269,25.159467,25.748320,200878000.000000
2015-09-25,26.070739,26.126713,25.528903,25.683393,224607600.000000
2015-09-28,25.490834,25.652041,25.175138,25.175138,208436000.000000
2015-09-29,25.262466,25.414717,24.149690,24.418367,293461600.000000
2015-09-30,24.666903,24.973644,24.344490,24.696011,265892000.000000
2015-10-01,24.420609,24.543754,24.026547,24.534798,255716400.000000
2015-10-02,24.183278,24.854974,24.080285,24.713917,232079200.000000
2015-10-05,24.601971,24.935581,24.420614,24.803480,208258800.000000
2015-10-06,24.769891,25.018418,24.577338,24.922142,192787200.000000
2015-10-07,25.018423,25.025139,24.496740,24.803480,187062400.000000
2015-10-08,24.671372,24.671372,24.228053,24.516882,247918400.000000
2015-10-09,24.628837,25.139325,24.514648,25.103502,211064400.000000
2015-10-12,25.240073,25.244550,24.951243,24.987066,121868800.000000
2015-10-13,24.812432,25.177386,24.781086,25.029613,132197200.000000
2015-10-14,24.917665,24.969160,24.530319,24.675854,177849600.000000
2015-10-15,24.837057,25.099018,24.738541,25.045282,150694000.000000
2015-10-16,25.027375,25.076633,24.747502,24.861691,156930400.000000
2015-10-19,24.807956,25.020659,24.653466,25.016182,119036800.000000
2015-10-20,24.928859,25.562493,24.812433,25.472933,195871200.000000
2015-10-21,25.524421,25.878181,25.457251,25.470686,167180800.000000
2015-10-22,25.598311,25.860271,25.546813,25.860271,166616400.000000
2015-10-23,26.128959,26.695424,26.046118,26.661839,237467600.000000
2015-10-26,26.437934,26.449128,25.730414,25.811018,265335200.000000
2015-10-27,25.837885,26.093129,25.522187,25.647572,279537600.000000
2015-10-28,26.180447,26.711087,25.985655,26.704369,342205600.000000
2015-10-29,26.576754,27.022313,26.480477,26.986488,204909200.000000
2015-10-30,27.089479,27.140977,26.744675,26.755871,197461200.000000
2015-11-02,27.046940,27.172323,26.780500,27.132021,128813200.000000
2015-11-03,27.044704,27.649229,27.024552,27.443243,182076000.000000
2015-11-04,27.568625,27.723116,27.230540,27.315620,179544400.000000
2015-11-05,27.398810,27.587691,27.023300,27.189693,158210800.000000
2015-11-06,27.232416,27.389815,27.122236,27.221172,132169200.000000
2015-11-09,27.198692,27.389820,26.994073,27.110998,135485600.000000
2015-11-10,26.285767,26.548849,26.096886,26.256535,236511600.000000
2015-11-11,26.166595,26.402693,25.905760,26.108131,180872000.000000
2015-11-12,26.141870,26.267789,26.004707,26.020447,130102400.000000
2015-11-13,25.903516,25.986714,25.244686,25.260426,183249600.000000
2015-11-16,25.044562,25.687653,24.959117,25.674162,152426800.000000
2015-11-17,25.840551,25.869784,25.480781,25.563978,110467600.000000
2015-11-18,26.029434,26.418435,25.970971,26.373465,186698800.000000
2015-11-19,26.452165,26.926613,26.254292,26.708502,173183200.000000
2015-11-20,26.802947,26.964844,26.724247,26.825434,137148400.000000
2015-11-23,26.818678,26.922114,26.384704,26.476896,129930000.000000
2015-11-24,26.382462,26.836672,26.335243,26.730989,171212800.000000
2015-11-25,26.805187,26.809685,26.515122,26.539856,85553200.000000
2015-11-27,26.598317,26.625301,26.443165,26.490385,52185600.000000
2015-11-30,26.530862,26.850160,26.476897,26.600569,156721200.000000
2015-12-01,26.701757,26.715248,26.276778,26.384708,139409600.000000
2015-12-02,26.384702,26.557843,26.101384,26.146355,133546400.000000
2015-12-03,26.207069,26.261034,25.683152,25.903511,166278000.000000
2015-12-04,25.923751,26.814184,25.883277,26.764715,231108000.000000
2015-12-07,26.753476,26.951349,26.490392,26.596075,128336800.000000
2015-12-08,26.425189,26.668035,26.276784,26.584839,137238000.000000
2015-12-09,26.452162,26.463405,25.876529,25.997952,185445600.000000
2015-12-10,26.092397,26.294769,25.973223,26.121628,116850800.000000
2015-12-11,25.901267,25.946238,25.375101,25.449305,187544800.000000
2015-12-14,25.224450,25.336879,24.687043,25.291908,257274800.000000
2015-12-15,25.170488,25.363865,24.812964,24.844444,213292400.000000
2015-12-16,24.974854,25.181722,24.464429,25.035564,224954000.000000
2015-12-17,25.188467,25.240185,24.504904,24.504904,179091200.000000
2015-12-18,24.489168,24.626330,23.792111,23.841579,385813200.000000
2015-12-21,24.122650,24.142888,23.738145,24.133894,190362400.000000
2015-12-22,24.149632,24.221586,23.936017,24.111406,131157600.000000
2015-12-23,24.120398,24.475672,24.104658,24.421707,130629600.000000
2015-12-24,24.509400,24.509400,24.273299,24.291288,54281600.000000
2015-12-28,24.192346,24.214833,23.875299,24.019207,106816800.000000
2015-12-29,24.050692,24.606089,24.028207,24.450937,123724800.000000
2015-12-30,24.414960,24.441941,24.100160,24.131639,100855200.000000
2015-12-31,24.061941,24.066438,23.569504,23.668442,163649200.000000
2016-01-04,23.072567,23.693173,22.935405,23.688675,270597600.000000
2016-01-05,23.778604,23.801090,23.027583,23.095039,223164000.000000
2016-01-06,22.611611,23.018604,22.456461,22.643091,273829600.000000
2016-01-07,22.188876,22.514918,21.682948,21.687445,324377600.000000
2016-01-08,22.159649,22.285569,21.757155,21.802126,283192000.000000
2016-01-11,22.254085,22.274321,21.887567,22.155148,198957600.000000
2016-01-12,22.609364,22.640844,22.224858,22.476698,196616800.000000
2016-01-13,22.557644,22.753270,21.878577,21.898813,249758400.000000
2016-01-14,22.026980,22.593620,21.527797,22.377756,252680400.000000
2016-01-15,21.631236,21.970770,21.442357,21.840353,319335600.000000
2016-01-19,22.128164,22.182130,21.473830,21.734665,212350800.000000
2016-01-20,21.383890,22.078699,21.006131,21.763899,289337600.000000
2016-01-21,21.824607,22.008990,21.347912,21.653717,208646000.000000
2016-01-22,22.177630,22.813976,22.119169,22.804981,263202000.000000
2016-01-25,22.827473,22.829722,22.308054,22.359772,207178000.000000
2016-01-26,22.469951,22.683565,22.051717,22.483442,300308000.000000
2016-01-27,21.595256,21.727921,20.988141,21.006130,533478800.000000
2016-01-28,21.089330,21.253475,20.774530,21.156786,222715200.000000
2016-01-29,21.314180,21.887564,21.215242,21.887564,257666000.000000
2016-02-01,21.691949,21.745914,21.451352,21.682955,163774000.000000
2016-02-02,21.455841,21.595252,21.199504,21.244476,149428800.000000
2016-02-03,21.361401,21.775136,21.154533,21.664957,183857200.000000
2016-02-04,21.671740,22.004074,21.520269,21.839037,185886800.000000
2016-02-05,21.820955,21.911386,21.181158,21.255762,185672400.000000
2016-02-08,21.054556,21.635574,21.034210,21.479582,216085600.000000
2016-02-09,21.316795,21.689822,21.235407,21.475048,177324800.000000
2016-02-10,21.685298,21.782512,21.273838,21.312271,169374400.000000
2016-02-11,21.203764,21.414016,20.932471,21.183416,200298800.000000
2016-02-12,21.294198,21.364281,21.027427,21.248981,161405600.000000
2016-02-16,21.481842,21.895563,21.389151,21.848087,196231600.000000
2016-02-17,21.854871,22.203030,21.737312,22.182684,179452800.000000
2016-02-18,22.345450,22.356755,21.723738,21.762173,156084000.000000
2016-02-19,21.703395,21.875214,21.658181,21.712439,141496800.000000
2016-02-22,21.773476,21.906862,21.685306,21.902340,137123200.000000
2016-02-23,21.793832,21.816439,21.375589,21.407240,127770400.000000
2016-02-24,21.246725,21.789309,21.097513,21.726007,145022800.000000
2016-02-25,21.714693,21.875208,21.533831,21.875208,110330800.000000
2016-02-26,21.974683,22.160066,21.834517,21.909122,115964400.000000
2016-02-29,21.897821,22.207547,21.850345,21.859388,140865200.000000
2016-03-01,22.076426,22.781786,22.024428,22.727528,201628400.000000
2016-03-02,22.723009,22.808918,22.526322,22.777267,132678400.000000
2016-03-03,22.738827,22.994293,22.709436,22.946817,147822800.000000
2016-03-04,23.143507,23.455493,22.917430,23.288197,184220400.000000
2016-03-07,23.148029,23.247504,22.824739,23.030470,143315600.000000
2016-03-08,22.784038,23.005594,22.698129,22.840557,126247600.000000
2016-03-09,22.903858,22.964900,22.668738,22.860905,108806800.000000
2016-03-10,22.926475,23.114118,22.641617,22.872215,134054400.000000
2016-03-11,23.114116,23.123160,22.946820,23.118639,109632800.000000
2016-03-14,23.039505,23.265582,23.010114,23.177410,100304400.000000
2016-03-15,23.502970,23.778785,23.478102,23.643139,160270800.000000
2016-03-16,23.649915,24.034246,23.645393,23.957380,153214000.000000
2016-03-17,23.855648,24.070422,23.729045,23.918951,137682800.000000
2016-03-18,24.041031,24.077204,23.781044,23.946079,176820800.000000
2016-03-21,23.948336,24.337189,23.769735,23.943815,142010800.000000
2016-03-22,23.794606,24.255804,23.785563,24.126940,129777600.000000
2016-03-23,24.072676,24.206060,23.941551,23.993547,102814000.000000
2016-03-24,23.844346,24.020686,23.713221,23.889561,104532000.000000
2016-03-28,23.964164,24.007119,23.751651,23.781042,77645600.000000
2016-03-29,23.713220,24.368844,23.710959,24.343975,124760400.000000
2016-03-30,24.563266,24.963422,24.551962,24.768995,182404400.000000
2016-03-31,24.805166,24.845860,24.615260,24.640129,103553600.000000
2016-04-01,24.592658,24.868472,24.461533,24.866211,103496000.000000
2016-04-04,24.963426,25.363584,24.929514,25.121681,149424800.000000
2016-04-05,24.757694,25.033508,24.737346,24.825516,106314800.000000
2016-04-06,24.920475,25.090033,24.687614,25.085510,105616400.000000
2016-04-07,24.857166,24.963423,24.443447,24.538399,127207600.000000
2016-04-08,24.622046,24.816471,24.454748,24.565527,94326800.000000
2016-04-11,24.635615,25.006381,24.603964,24.646917,117630000.000000
2016-04-12,24.719261,24.981511,24.565530,24.967947,108929200.000000
2016-04-13,25.049344,25.397502,25.049344,25.329679,133029200.000000
2016-04-14,25.234719,25.408798,25.169156,25.343235,101895600.000000
2016-04-15,25.345499,25.388454,24.807436,24.834564,187756000.000000
2016-04-18,24.617521,24.631085,24.176672,24.298754,243286000.000000
2016-04-19,24.389185,24.416314,24.016159,24.169891,129539600.000000
2016-04-20,24.108858,24.436669,23.977733,24.219635,122444000.000000
2016-04-21,24.174414,24.174414,23.855645,23.957380,126210000.000000
2016-04-22,23.740350,24.072683,23.652180,23.891821,134732400.000000
2016-04-25,23.738082,23.885032,23.627305,23.756168,112126400.000000
2016-04-26,23.491662,23.805909,23.491662,23.591135,224064800.000000
2016-04-27,21.703389,22.316057,21.631045,22.114849,458408400.000000
2016-04-28,22.067377,22.128417,21.307758,21.438883,328970800.000000
2016-04-29,21.248975,21.414011,20.914382,21.192455,274126000.000000
2016-05-02,21.244455,21.269324,20.889514,21.169849,192640400.000000
2016-05-03,21.296459,21.644618,21.178899,21.518015,227325200.000000
2016-05-04,21.522524,21.680779,21.210538,21.294188,164102000.000000
2016-05-05,21.380623,21.396545,21.080385,21.207758,143562000.000000
2016-05-06,21.237334,21.255529,20.891604,21.089489,174799600.000000
2016-05-09,21.153169,21.328307,21.059912,21.105404,131745600.000000
2016-05-10,21.228235,21.282823,20.950741,21.248705,134747200.000000
2016-05-11,21.262353,21.282823,21.030350,21.041723,114876400.000000
2016-05-12,21.089480,21.103126,20.350256,20.548140,305258800.000000
2016-05-13,20.470810,20.850656,20.470810,20.589085,177571200.000000
2016-05-16,21.014424,21.469330,20.846108,21.353329,245039200.000000
2016-05-17,21.505727,21.539844,21.155449,21.264626,187667600.000000
2016-05-18,21.417019,21.655845,21.355606,21.507999,168249600.000000
2016-05-19,21.526199,21.526199,21.282824,21.426119,121768400.000000
2016-05-20,21.526198,21.705886,21.498903,21.658121,128104000.000000
2016-05-23,21.805970,22.106209,21.760479,21.933344,152074400.000000
2016-05-24,22.113030,22.310913,22.026596,22.267698,140560800.000000
2016-05-25,22.442835,22.686210,22.315461,22.658916,152675200.000000
2016-05-26,22.672564,22.911391,22.436012,22.838606,225324800.000000
2016-05-27,22.617977,22.852254,22.574760,22.824959,145364800.000000
2016-05-31,22.654363,22.836326,22.476949,22.713501,169228800.000000
2016-06-01,22.522441,22.640717,22.365499,22.395067,116693200.000000
2016-06-02,22.199458,22.254047,21.978828,22.226753,160766400.000000
2016-06-03,22.242677,22.351854,22.165342,22.272245,114019600.000000
2016-06-06,22.288161,23.175230,22.188083,22.433731,93170000.000000
2016-06-07,22.574755,22.715777,22.508794,22.524715,89638000.000000
2016-06-08,22.522441,22.645266,22.445107,22.504246,83392400.000000
2016-06-09,22.404165,22.743070,22.395067,22.665737,106405600.000000
2016-06-10,22.410987,22.597498,22.399615,22.479223,126851600.000000
2016-06-13,22.447383,22.545188,22.085731,22.140320,152082000.000000
2016-06-14,22.135776,22.399623,22.006128,22.167620,127727600.000000
2016-06-15,22.249502,22.383700,22.069813,22.094833,117780800.000000
2016-06-16,21.937885,22.233576,21.851454,22.188086,125307200.000000
2016-06-17,21.976553,21.983376,21.676315,21.683138,244032800.000000
2016-06-20,21.835535,21.965184,21.614905,21.630827,137647600.000000
2016-06-21,21.594433,21.915142,21.535295,21.815063,142185600.000000
2016-06-22,21.892398,22.037968,21.687689,21.733181,116876400.000000
2016-06-23,21.821892,21.901501,21.664949,21.858284,128960800.000000
2016-06-24,21.132702,21.530746,21.073564,21.244154,301245600.000000
2016-06-27,21.153173,21.164547,20.811993,20.934818,181958400.000000
2016-06-28,21.130425,21.303290,20.957560,21.287367,161779600.000000
2016-06-29,21.373798,21.505722,21.296463,21.471603,146124000.000000
2016-06-30,21.480704,21.783215,21.448860,21.744549,143345600.000000
2016-07-01,21.719529,21.942434,21.683137,21.810511,104106000.000000
2016-07-05,21.696782,21.699057,21.485251,21.605801,110820800.000000
2016-07-06,21.517102,21.758204,21.464789,21.728634,123796400.000000
2016-07-07,21.767300,21.949263,21.749105,21.821890,100558400.000000
2016-07-08,21.946978,22.037959,21.846899,21.990194,115648400.000000
2016-07-11,22.006126,22.210835,22.001578,22.058441,95179600.000000
2016-07-12,22.101651,22.222201,22.090279,22.158514,96670000.000000
2016-07-13,22.156246,22.215382,22.026596,22.033421,103568800.000000
2016-07-14,22.151690,22.515615,22.135768,22.470125,155676000.000000
2016-07-15,22.499697,22.586130,22.404167,22.467854,120548000.000000
2016-07-18,22.449657,22.774915,22.426912,22.706680,145975600.000000
2016-07-19,22.645267,22.745347,22.595227,22.715778,95119600.000000
2016-07-20,22.745354,22.849982,22.686216,22.736256,105104000.000000
2016-07-21,22.706683,22.972804,22.547465,22.615702,130808000.000000
2016-07-22,22.577029,22.586128,22.360947,22.440557,113254800.000000
2016-07-25,22.347303,22.481500,22.044790,22.140320,161531600.000000
2016-07-26,22.022047,22.283619,21.931065,21.987928,224959200.000000
2016-07-27,23.716575,23.734771,23.370846,23.416336,369379200.000000
2016-07-28,23.389039,23.757512,23.386764,23.732492,159479200.000000
2016-07-29,23.698376,23.780260,23.582375,23.702925,110934800.000000
2016-08-01,23.748412,24.144180,23.748412,24.121435,152671600.000000
2016-08-02,24.121439,24.125988,23.655159,23.764338,135266400.000000
2016-08-03,23.839400,24.073677,23.830302,24.062305,120810400.000000
2016-08-04,24.144630,24.240677,24.076024,24.210949,109634800.000000
2016-08-05,24.302419,24.618006,24.281838,24.579130,162213600.000000
2016-08-08,24.588281,24.782665,24.505956,24.782665,112148800.000000
2016-08-09,24.750649,24.913016,24.700338,24.883286,105260800.000000
2016-08-10,24.860410,24.903861,24.643160,24.698044,96034000.000000
2016-08-11,24.816969,24.910731,24.663750,24.682045,109938000.000000
2016-08-12,24.647739,24.798673,24.647739,24.739214,74641600.000000
2016-08-15,24.730069,25.050229,24.716348,25.036509,103472800.000000
2016-08-16,25.070803,25.208016,24.974756,25.013632,135177600.000000
2016-08-17,24.949604,25.011350,24.775802,24.977047,101424000.000000
2016-08-18,24.979328,25.063940,24.931302,24.945024,87938800.000000
2016-08-19,24.874140,25.084532,24.780380,25.009066,101472400.000000
2016-08-22,24.894716,24.949600,24.663743,24.814676,103280800.000000
2016-08-23,24.832965,24.999906,24.819244,24.892424,85030800.000000
2016-08-24,24.828399,24.869562,24.624869,24.704908,94700400.000000
2016-08-25,24.558555,24.670610,24.396188,24.599718,100344800.000000
2016-08-26,24.563127,24.686616,24.311572,24.455645,111065200.000000
2016-08-29,24.382463,24.569985,24.306997,24.428200,99881200.000000
2016-08-30,24.194942,24.355022,24.126336,24.240679,99455600.000000
2016-08-31,24.162925,24.371029,24.158351,24.263546,118649600.000000
2016-09-01,24.272700,24.423633,24.153784,24.407625,106806000.000000
2016-09-02,24.629441,24.698047,24.428198,24.636303,107210000.000000
2016-09-06,24.675180,24.766655,24.585993,24.629442,107521600.000000
2016-09-07,24.659168,24.871845,24.485366,24.780371,169457200.000000
2016-09-08,24.526534,24.531107,24.066875,24.130907,212008000.000000
2016-09-09,23.929664,24.176645,23.584349,23.584349,186228000.000000
2016-09-12,23.474584,24.176649,23.447141,24.112617,181171200.000000
2016-09-13,24.585994,24.878712,24.524248,24.686615,248704800.000000
2016-09-14,24.864993,25.848340,24.835263,25.560196,443554800.000000
2016-09-15,26.038143,26.465786,25.953529,26.429195,359934400.000000
2016-09-16,26.326290,26.557261,26.079309,26.280552,319547600.000000
2016-09-19,26.342299,26.568698,25.898649,25.974115,188092000.000000
2016-09-20,25.852911,26.097604,25.729420,25.971827,138057200.000000
2016-09-21,26.035863,26.067879,25.713417,25.967258,144012800.000000
2016-09-22,26.150204,26.285130,26.070165,26.211950,124296000.000000
2016-09-23,26.166204,26.250819,25.509878,25.775152,209924800.000000
2016-09-26,25.530464,25.930664,25.509883,25.814034,119477600.000000
2016-09-27,25.841476,25.882639,25.690543,25.862057,98429600.000000
2016-09-28,25.999265,26.216515,25.939806,26.058722,118564400.000000
2016-09-29,25.878064,26.024423,25.567052,25.653952,143548000.000000
2016-09-30,25.717984,25.926088,25.567052,25.852909,145516400.000000
2016-10-03,25.775157,25.852911,25.676823,25.731707,86807200.000000
2016-10-04,25.855205,26.141062,25.756870,25.841484,118947200.000000
2016-10-05,25.932949,25.992407,25.770582,25.852909,85812400.000000
2016-10-06,26.001553,26.147912,25.871202,26.045004,115117200.000000
2016-10-07,26.141053,26.198224,25.958105,26.083881,97433600.000000
2016-10-10,26.303425,26.699052,26.234820,26.538973,144944000.000000
2016-10-11,26.916302,27.142702,26.573274,26.596144,256164000.000000
2016-10-12,26.836260,26.980333,26.699049,26.833973,150347200.000000
2016-10-13,26.708193,26.856839,26.463500,26.751644,140769600.000000
2016-10-14,26.957469,27.023788,26.785954,26.900297,142608800.000000
2016-10-17,26.831683,26.948312,26.705905,26.881994,94499600.000000
2016-10-18,27.026073,27.032934,26.859132,26.863707,98214000.000000
2016-10-19,26.813386,26.930016,26.024421,26.783657,80138400.000000
2016-10-20,26.724211,26.843126,26.603007,26.769947,96503200.000000
2016-10-21,26.712773,26.735643,26.591570,26.664749,92770800.000000
2016-10-24,26.779093,26.925452,26.756225,26.904871,94154800.000000
2016-10-25,26.973468,27.067230,26.827109,27.042074,192516000.000000
2016-10-26,26.141056,26.458929,25.912370,26.433773,264536800.000000
2016-10-27,26.388035,26.495517,26.093030,26.179932,138248000.000000
2016-10-28,26.040439,26.346877,25.944390,26.006136,151446800.000000
2016-10-31,25.990123,26.122761,25.887214,25.964968,105677600.000000
2016-11-01,25.946679,26.017571,25.276630,25.496168,175303200.000000
2016-11-02,25.475584,25.692835,25.436708,25.519033,113326800.000000
2016-11-03,25.509840,25.620171,25.181140,25.245501,107730400.000000
2016-11-04,24.946681,25.342040,24.850140,25.017937,123348000.000000
2016-11-07,25.302966,25.401806,25.160453,25.378820,130240000.000000
2016-11-08,25.355828,25.679931,25.215614,25.528223,97016800.000000
2016-11-09,25.256985,25.587984,24.836343,25.486845,236705600.000000
2016-11-10,25.535121,25.535121,24.326060,24.776585,228538000.000000
2016-11-11,24.622577,25.024832,24.491557,24.923693,136575600.000000
2016-11-14,24.758191,24.781177,23.923801,24.298471,204702000.000000
2016-11-15,24.496155,24.751299,24.401913,24.620279,129058000.000000
2016-11-16,24.526035,25.337442,24.503050,25.282274,235362000.000000
2016-11-17,25.240904,25.365029,25.015643,25.273085,110528000.000000
2016-11-18,25.220217,25.408702,25.206426,25.298368,113715600.000000
2016-11-21,25.312163,25.742000,25.286878,25.682238,117058400.000000
2016-11-22,25.732800,25.840834,25.606378,25.698322,103862000.000000
2016-11-23,25.597182,25.631661,25.360427,25.567301,109705600.000000
2016-11-25,25.544318,25.714415,25.502943,25.696026,45903600.000000
2016-11-28,25.613276,25.852330,25.604081,25.645456,108776000.000000
2016-11-29,25.463866,25.751191,25.300666,25.620171,114115200.000000
2016-11-30,25.652353,25.790269,25.346639,25.404104,144649200.000000
2016-12-01,25.369621,25.500641,25.061608,25.167343,148347600.000000
2016-12-02,25.093789,25.305259,25.020234,25.261587,106112000.000000
2016-12-05,25.284575,25.291470,24.882320,25.080000,137298000.000000
2016-12-06,25.169648,25.367328,25.098392,25.273085,104782000.000000
2016-12-07,25.114473,25.558103,25.091488,25.521324,119994800.000000
2016-12-08,25.482259,25.843139,25.422495,25.771883,108273200.000000
2016-12-09,25.815546,26.364911,25.815546,26.192516,137610400.000000
2016-12-12,26.040813,26.433873,25.856924,26.043112,105497600.000000
2016-12-13,26.167235,26.645343,26.146548,26.477547,174935200.000000
2016-12-14,26.443067,26.709704,26.429276,26.477547,136127200.000000
2016-12-15,26.521219,26.831532,26.486742,26.622358,186098000.000000
2016-12-16,26.771767,26.778663,26.583282,26.656837,177404400.000000
2016-12-19,26.617763,26.980940,26.606269,26.810844,111117600.000000
2016-12-20,26.833833,27.008527,26.820042,26.882103,85700000.000000
2016-12-21,26.847624,26.985540,26.843026,26.907387,95132800.000000
2016-12-22,26.744182,26.780960,26.580981,26.730391,104343600.000000
2016-12-23,26.569491,26.783260,26.569491,26.783260,56998000.000000
2016-12-27,26.783260,27.077482,26.776365,26.953358,73187600.000000
2016-12-28,27.013117,27.128047,26.709702,26.838425,83623600.000000
2016-12-29,26.767166,26.918874,26.755674,26.831528,60158000.000000
2016-12-30,26.813142,26.939564,26.532713,26.622358,122345200.000000
2017-01-03,26.617761,26.739586,26.378707,26.698212,115127600.000000
2017-01-04,26.629255,26.780964,26.606270,26.668331,84472400.000000
2017-01-05,26.645344,26.861412,26.620059,26.803947,88774400.000000
2017-01-06,26.843025,27.160233,26.771769,27.102768,127007600.000000
2017-01-09,27.111955,27.452148,27.109658,27.351009,134247600.000000
2017-01-10,27.300448,27.440662,27.192415,27.378601,97848400.000000
2017-01-11,27.293548,27.567082,27.261368,27.525707,110354400.000000
2017-01-12,27.330324,27.422268,27.171720,27.410774,108344800.000000
2017-01-13,27.378599,27.495828,27.309640,27.362509,104447600.000000
2017-01-17,27.201602,27.638336,27.174020,27.583170,137759200.000000
2017-01-18,27.583169,27.698099,27.516509,27.580870,94852000.000000
2017-01-19,27.445258,27.603860,27.438363,27.532604,102389200.000000
2017-01-20,27.686606,27.686606,27.521109,27.583170,130391600.000000
2017-01-23,27.583171,27.769357,27.530303,27.601561,88200800.000000
2017-01-24,27.479744,27.606166,27.468250,27.576284,92844000.000000
2017-01-25,27.679717,28.065882,27.647537,28.015312,129510400.000000
2017-01-26,27.967037,28.144030,27.950947,28.029100,105350400.000000
2017-01-27,28.075069,28.123339,27.950944,28.031395,82251600.000000
2017-01-30,27.796941,27.957842,27.734879,27.957842,121510000.000000
2017-01-31,27.847507,27.902673,27.725682,27.893478,196804000.000000
2017-02-01,29.199085,29.994402,29.194489,29.594444,447940000.000000
2017-02-02,29.417453,29.741554,29.371480,29.543875,134841600.000000
2017-02-03,29.493307,29.695584,29.458829,29.670300,98029200.000000
2017-02-06,29.681800,29.996707,29.628930,29.948435,107383600.000000
2017-02-07,30.005889,30.362173,29.985203,30.233452,152735200.000000
2017-02-08,30.192087,30.392064,30.162204,30.350687,92016400.000000
2017-02-09,30.392237,30.576923,30.269884,30.569998,113399600.000000
2017-02-10,30.579243,30.690054,30.484591,30.500750,80262000.000000
2017-02-13,30.722350,30.893185,30.646167,30.770828,92141600.000000
2017-02-14,30.812391,31.186378,30.761603,31.170219,132904800.000000
2017-02-15,31.285657,31.458799,31.077884,31.283346,142492400.000000
2017-02-16,31.320281,31.373377,31.128669,31.246408,90338400.000000
2017-02-17,31.188697,31.357222,31.188697,31.331827,88792800.000000
2017-02-21,31.449559,31.569605,31.391845,31.558062,98028800.000000
2017-02-22,31.495716,31.655008,31.421844,31.652700,83347600.000000
2017-02-23,31.715049,31.738133,31.465724,31.518820,83152800.000000
2017-02-24,31.375699,31.548841,31.230258,31.548841,87106400.000000
2017-02-27,31.659642,31.728899,31.461105,31.611160,81029600.000000
2017-02-28,31.645788,31.728896,31.558061,31.625011,93931600.000000
2017-03-01,31.832794,32.354528,31.765847,32.271420,145658400.000000
2017-03-02,32.319885,32.384524,32.033622,32.079796,104844000.000000
2017-03-03,32.038248,32.280648,31.994384,32.269104,84432400.000000
2017-03-06,32.174448,32.266792,31.996691,32.167522,87000000.000000
2017-03-07,32.102877,32.315264,32.040544,32.209072,69785200.000000
2017-03-08,32.077492,32.273721,32.047483,32.089035,74828800.000000
2017-03-09,32.029002,32.040542,31.638855,32.015148,88623600.000000
2017-03-10,32.146744,32.172138,32.005921,32.121349,78451200.000000
2017-03-13,32.054403,32.188296,32.047477,32.135201,69686800.000000
2017-03-14,32.158300,32.239097,32.052104,32.086735,61236400.000000
2017-03-15,32.183687,32.493033,32.095960,32.426086,102767200.000000
2017-03-16,32.486093,32.555351,32.379898,32.479168,76928000.000000
2017-03-17,32.550741,32.550741,32.294490,32.317577,175540000.000000
2017-03-20,32.412234,32.666177,32.372988,32.656944,86168000.000000
2017-03-21,32.806992,32.966284,32.257553,32.282948,158119600.000000
2017-03-22,32.285247,32.689246,32.264468,32.647690,103440800.000000
2017-03-23,32.610786,32.684661,32.460730,32.532295,81385200.000000
2017-03-24,32.666165,32.721572,32.400682,32.467628,89582400.000000
2017-03-27,32.179067,32.601535,32.001307,32.523045,94300400.000000
2017-03-28,32.529961,33.252539,32.463011,33.197136,133499200.000000
2017-03-29,33.169438,33.356434,33.056320,33.271015,116760000.000000
2017-03-30,33.287167,33.358732,33.127876,33.227142,84829200.000000
2017-03-31,33.178676,33.305648,33.014767,33.164825,78646800.000000
2017-04-03,33.176364,33.271012,33.023998,33.174053,79942800.000000
2017-04-04,33.070175,33.448779,33.051706,33.421078,79565600.000000
2017-04-05,33.294095,33.580358,33.199443,33.247925,110871600.000000
2017-04-06,33.310263,33.363362,33.116344,33.164825,84596000.000000
2017-04-07,33.180969,33.284853,33.074777,33.090935,66688800.000000
2017-04-10,33.150967,33.215606,32.989365,33.051697,75733600.000000
2017-04-11,32.998603,33.093255,32.333736,32.696182,121517600.000000
2017-04-12,32.689253,32.816222,32.553046,32.735424,81400000.000000
2017-04-13,32.760831,32.869333,32.562294,32.562294,71291600.000000
2017-04-17,32.661558,32.753903,32.520735,32.742359,66328400.000000
2017-04-18,32.645398,32.790835,32.576140,32.596916,58790000.000000
2017-04-19,32.753898,32.781600,32.423772,32.476868,69313600.000000
2017-04-20,32.601541,32.993996,32.587690,32.883186,93278400.000000
2017-04-21,32.883171,32.938574,32.746966,32.843925,69283600.000000
2017-04-24,33.127890,33.231775,33.054014,33.160210,68537200.000000
2017-04-25,33.222532,33.451077,33.213296,33.365662,75486000.000000
2017-04-26,33.351816,33.381828,33.100183,33.169437,80164800.000000
2017-04-27,33.224840,33.280247,33.084018,33.194828,56985200.000000
2017-04-28,33.264099,33.312580,33.074798,33.162521,83441600.000000
2017-05-01,33.497247,33.982043,33.464927,33.838913,134411600.000000
2017-05-02,34.060549,34.187520,33.898950,34.053623,181408800.000000
2017-05-03,33.610386,34.049015,33.305657,33.949745,182788000.000000
2017-05-04,33.825074,33.968204,33.661164,33.827381,93487600.000000
2017-05-05,33.880469,34.392970,33.880469,34.388355,109310800.000000
2017-05-08,34.404530,35.482629,34.404530,35.323338,195009600.000000
2017-05-09,35.521867,35.755034,35.424908,35.549572,156521600.000000
2017-05-10,35.466466,35.538030,35.115563,35.381046,103222800.000000
2017-05-11,35.339313,35.714846,35.306860,35.687027,109020400.000000
2017-05-12,35.860871,36.259583,35.853917,36.185406,130108000.000000
2017-05-15,36.164557,36.312915,35.942023,36.092697,104038800.000000
2017-05-16,36.148334,36.176150,35.865526,36.039383,80194000.000000
2017-05-17,35.605897,35.830752,34.704159,34.829334,203070800.000000
2017-05-18,35.065788,35.545632,35.033335,35.360184,134272800.000000
2017-05-19,35.554894,35.693977,35.381037,35.480713,107843200.000000
2017-05-22,35.698621,35.833071,35.445950,35.696304,91865600.000000
2017-05-23,35.907248,35.907248,35.538672,35.652260,79675600.000000
2017-05-24,35.661528,35.738026,35.390312,35.545624,76712000.000000
2017-05-25,35.636038,35.779762,35.473772,35.668491,76942400.000000
2017-05-26,35.698628,35.754264,35.538679,35.608223,87710400.000000
2017-05-30,35.564175,35.798301,35.543313,35.622128,80507600.000000
2017-05-31,35.691658,35.738019,35.323082,35.411167,97804800.000000
2017-06-01,35.506213,35.543303,35.285995,35.508530,65616400.000000
2017-06-02,35.601255,36.034737,35.441306,36.034737,111082800.000000
2017-06-05,35.777439,35.802938,35.573449,35.682396,101326800.000000
2017-06-06,35.675437,36.118193,35.647621,35.802933,106499600.000000
2017-06-07,35.935062,36.157597,35.809883,36.016193,84278400.000000
2017-06-08,35.988396,36.055620,35.791357,35.928127,85003200.000000
2017-06-09,35.974472,35.974472,33.848782,34.534935,259530800.000000
2017-06-12,33.783871,33.865002,33.035125,33.709690,289229200.000000
2017-06-13,34.113044,34.180267,33.647105,33.980911,136661600.000000
2017-06-14,34.191870,34.191870,33.343447,33.649437,126124800.000000
2017-06-15,33.222898,33.491794,32.965590,33.447750,128661600.000000
2017-06-16,33.329523,33.496426,32.963264,32.979492,201444400.000000
2017-06-19,33.301719,34.015692,33.301719,33.922966,130165600.000000
2017-06-20,34.045831,34.045831,33.598441,33.614666,99600400.000000
2017-06-21,33.732872,33.860368,33.521925,33.814003,85063200.000000
2017-06-22,33.790826,34.006407,33.640148,33.758373,76425200.000000
2017-06-23,33.642490,34.113062,33.637853,33.909069,141757600.000000
2017-06-26,34.115354,34.372663,33.700417,33.802414,102769600.000000
2017-06-27,33.614644,33.881226,33.292429,33.317928,99047600.000000
2017-06-28,33.494117,33.869647,33.185811,33.804741,88329600.000000
2017-06-29,33.545114,33.642473,32.981815,33.306347,125997600.000000
2017-06-30,33.484835,33.603060,33.329523,33.385159,92096400.000000
2017-07-03,33.584520,33.681879,33.171899,33.264622,57111200.000000
2017-07-05,33.308664,33.563652,33.083809,33.401386,86278400.000000
2017-07-06,33.153351,33.264618,33.011947,33.086124,96515200.000000
2017-07-07,33.125530,33.554378,33.125530,33.422245,76806800.000000
2017-07-10,33.406029,33.832557,33.234489,33.626247,84362400.000000
2017-07-11,33.549743,33.809372,33.468612,33.735191,79127200.000000
2017-07-12,33.814019,33.885879,33.570622,33.783886,99538000.000000
2017-07-13,33.728229,34.421339,33.714321,34.254436,100797600.000000
2017-07-14,34.300821,34.616082,34.152463,34.548855,80528400.000000
2017-07-17,34.497847,34.980007,34.439895,34.669384,95174000.000000
2017-07-18,34.585935,34.801520,34.463077,34.789928,71475200.000000
2017-07-19,34.882653,35.100554,34.759794,35.007832,83692000.000000
2017-07-20,35.119096,35.174732,34.815427,34.850197,68974800.000000
2017-07-21,34.769063,34.873376,34.511754,34.833969,105010400.000000
2017-07-24,34.905821,35.336986,34.748189,35.255852,85972800.000000
2017-07-25,35.188654,35.661543,35.188654,35.406555,75415600.000000
2017-07-26,35.547949,35.682395,35.480722,35.573448,63124000.000000
2017-07-27,35.640675,35.696311,34.145506,34.901203,129905200.000000
2017-07-28,34.745889,34.824703,34.583623,34.655483,68854800.000000
2017-07-31,34.748195,34.847874,34.337895,34.476978,79383600.000000
2017-08-01,34.562768,34.822393,34.402819,34.782986,141474400.000000
2017-08-02,36.922574,37.031524,36.199330,36.426502,279747200.000000
2017-08-03,36.405649,36.442740,35.935077,36.062572,108389200.000000
2017-08-04,36.178459,36.486762,36.090370,36.252636,82239600.000000
2017-08-07,36.407963,36.839128,36.317557,36.813629,87481200.000000
2017-08-08,36.764952,37.513695,36.688454,37.108028,144823600.000000
2017-08-09,36.917925,37.383864,36.883155,37.335182,104526000.000000
2017-08-10,37.211844,37.235118,35.985415,36.145992,163217200.000000
2017-08-11,36.443872,36.902329,36.320531,36.648663,105028400.000000
2017-08-14,37.076881,37.284001,36.944229,37.200222,88490800.000000
2017-08-15,37.388715,37.747101,37.267699,37.607471,117862000.000000
2017-08-16,37.686609,37.819257,37.270039,37.456215,110686400.000000
2017-08-17,37.356137,37.400355,36.732447,36.737103,111762400.000000
2017-08-18,36.737096,37.118755,36.471796,36.653316,109712400.000000
2017-08-21,36.653337,36.744097,36.097137,36.585850,105474000.000000
2017-08-22,36.823213,37.235128,36.774344,37.183929,86418400.000000
2017-08-23,37.018689,37.344495,36.974472,37.230461,77596400.000000
2017-08-24,37.335199,37.407345,36.897688,37.065247,79275600.000000
2017-08-25,37.153676,37.365452,37.065245,37.202549,101920400.000000
2017-08-28,37.267707,37.700566,37.218835,37.577225,103864000.000000
2017-08-29,37.258397,37.961207,37.235124,37.912338,118067600.000000
2017-08-30,38.119459,38.140403,37.842522,38.014736,109078400.000000
2017-08-31,38.082225,38.287019,38.044989,38.166004,107140400.000000
2017-09-01,38.352163,38.384744,38.079882,38.177624,66364400.000000
2017-09-05,38.107822,38.224182,37.365446,37.719181,117874000.000000
2017-09-06,37.865799,37.930960,37.356143,37.679623,86606800.000000
2017-09-07,37.721501,37.756411,37.318897,37.528343,87714000.000000
2017-09-08,37.435265,37.502752,36.893028,36.916302,114446000.000000
2017-09-11,37.351490,37.712206,37.209531,37.584209,126323200.000000
2017-09-12,37.842516,38.156689,36.948874,37.435257,286856000.000000
2017-09-13,37.204877,37.225825,36.748749,37.153679,179629600.000000
2017-09-14,37.000075,37.095487,36.790625,36.834843,95042800.000000
2017-09-15,36.879064,37.460863,36.769685,37.207199,196458400.000000
2017-09-18,37.260715,37.351475,36.769677,36.925598,113077600.000000
2017-09-19,37.121085,37.181594,36.872077,36.939564,83242400.000000
2017-09-20,36.746415,36.830194,35.799248,36.320541,211805600.000000
2017-09-21,36.257709,36.257709,35.547913,35.696854,150046800.000000
2017-09-22,35.266317,35.436205,35.038253,35.347771,186581600.000000
2017-09-25,34.905608,35.333811,34.712451,35.035931,177549200.000000
2017-09-26,35.322184,35.820204,35.301241,35.638683,146640000.000000
2017-09-27,35.792270,36.006372,35.731761,35.892338,102016800.000000
2017-09-28,35.813212,35.903973,35.536275,35.671253,88022000.000000
2017-09-29,35.654943,35.869044,35.373350,35.866714,105199200.000000
2017-10-02,35.899309,35.943527,35.540923,35.794586,74795200.000000
2017-10-03,35.841133,36.092471,35.817864,35.950512,64921200.000000
2017-10-04,35.752706,35.806231,35.480425,35.717796,80655200.000000
2017-10-05,35.880700,36.173929,35.850449,36.162292,85135200.000000
2017-10-06,36.064540,36.185556,35.969125,36.141338,69630400.000000
2017-10-09,36.260021,36.474122,36.185552,36.267002,65051600.000000
2017-10-10,36.318208,36.769684,36.094799,36.280972,62468000.000000
2017-10-11,36.297266,36.532311,36.246067,36.432243,67622400.000000
2017-10-12,36.385706,36.623077,36.241417,36.304253,64500400.000000
2017-10-13,36.474117,36.602113,36.399648,36.534626,65576800.000000
2017-10-16,36.746412,37.235124,36.688232,37.207199,96486000.000000
2017-10-17,37.183909,37.437573,37.055913,37.344486,75989200.000000
2017-10-18,37.332860,37.400350,37.142032,37.179264,65496800.000000
2017-10-19,36.478790,36.555588,36.076186,36.299595,170336800.000000
2017-10-20,36.446202,36.711502,36.294936,36.362423,95896400.000000
2017-10-23,36.511362,36.697538,36.187882,36.343803,87937200.000000
2017-10-24,36.371732,36.634706,36.350788,36.560238,71028800.000000
2017-10-25,36.516018,36.664958,36.134358,36.399658,84828400.000000
2017-10-26,36.590498,36.730131,36.485775,36.632389,68002000.000000
2017-10-27,37.069884,38.072908,36.932581,37.944912,177816800.000000
2017-10-30,38.140388,39.113157,38.100826,38.798985,178803200.000000
2017-10-31,39.073609,39.480868,38.850200,39.338909,144187200.000000
2017-11-01,39.532073,39.548365,38.540689,38.838570,134551200.000000
2017-11-02,38.771070,39.213235,38.463878,39.122475,165573600.000000
2017-11-03,40.493195,40.553701,39.822961,40.144115,237594400.000000
2017-11-06,40.113859,40.723586,39.962592,40.551373,140105200.000000
2017-11-07,40.472263,40.784106,40.400121,40.681709,97446000.000000
2017-11-08,40.646791,41.014488,40.569993,41.014488,97638000.000000
2017-11-09,40.751515,40.981908,40.293057,40.930710,117930400.000000
2017-11-10,40.898008,40.961069,40.701821,40.795242,100582000.000000
2017-11-13,40.521992,40.755548,40.498635,40.631763,67928400.000000
2017-11-14,40.414558,40.517323,39.980143,40.017513,99130000.000000
2017-11-15,39.697535,39.779281,39.326181,39.489670,116632400.000000
2017-11-16,39.980134,40.141288,39.774607,39.961452,94550000.000000
2017-11-17,39.947451,40.029197,39.620473,39.739586,87598000.000000
2017-11-20,39.772269,39.835330,39.601774,39.699867,65049600.000000
2017-11-21,39.886716,40.568699,39.886716,40.437908,100525200.000000
2017-11-22,40.489289,40.872321,40.416887,40.862980,102355600.000000
2017-11-24,40.895674,40.989095,40.790571,40.865311,56106800.000000
2017-11-27,40.884006,40.891012,40.484623,40.659790,82867200.000000
2017-11-28,40.708831,40.841957,40.138954,40.421558,105715200.000000
2017-11-29,40.318800,40.386529,39.041247,39.583096,166665600.000000
2017-11-30,39.804955,40.204338,39.340181,40.136608,166108800.000000
2017-12-01,39.692866,40.094583,39.354211,39.949780,159037200.000000
2017-12-04,40.283762,40.316460,39.618129,39.657833,130169600.000000
2017-12-05,39.485009,40.059559,39.330861,39.620472,109400800.000000
2017-12-06,39.120655,39.751256,38.877758,39.473324,114240000.000000
2017-12-07,39.477997,39.807312,39.449972,39.545731,102693200.000000
2017-12-08,39.818989,39.938101,39.428951,39.557404,93420800.000000
2017-12-11,39.517696,40.379519,39.421938,40.328136,141095200.000000
2017-12-12,40.206689,40.262744,40.045538,40.101589,77636800.000000
2017-12-13,40.288428,40.531324,40.171650,40.234711,95273600.000000
2017-12-14,40.265065,40.435563,40.089898,40.223026,81906000.000000
2017-12-15,40.552355,40.678474,40.279095,40.631763,160677200.000000
2017-12-18,40.844286,41.386134,40.839614,41.203960,117684400.000000
2017-12-19,40.879321,40.963401,40.659778,40.764877,109745600.000000
2017-12-20,40.841959,40.970416,40.463599,40.720512,93902400.000000
2017-12-21,40.678463,41.110543,40.662116,40.874649,83799600.000000
2017-12-22,40.797575,40.970408,40.755537,40.874649,65397600.000000
2017-12-26,39.891402,40.047884,39.629816,39.837685,132742000.000000
2017-12-27,39.727903,39.886719,39.636816,39.844681,85992800.000000
2017-12-28,39.938098,40.136623,39.816648,39.956783,65920800.000000
2017-12-29,39.826001,39.842348,39.522377,39.524712,103999600.000000
2018-01-02,39.741895,40.241705,39.531693,40.232361,102223600.000000
2018-01-03,40.295444,40.767228,40.162319,40.225376,118071600.000000
2018-01-04,40.297776,40.514985,40.190342,40.412220,89738400.000000
2018-01-05,40.507968,40.958729,40.416881,40.872314,94640000.000000
2018-01-08,40.720512,41.014792,40.622416,40.720512,82271200.000000
2018-01-09,40.767222,40.886334,40.500968,40.715839,86336000.000000
2018-01-10,40.442577,40.708831,40.405208,40.706493,95839600.000000
2018-01-11,40.776556,40.986758,40.753202,40.937710,74670800.000000
2018-01-12,41.147914,41.423512,41.024129,41.360451,101672400.000000
2018-01-16,41.549632,41.897632,41.138575,41.150253,118263600.000000
2018-01-17,41.140920,41.864946,40.888683,41.829914,137547200.000000
2018-01-18,41.892970,42.063469,41.631389,41.867279,124773600.000000
2018-01-19,41.715460,41.942009,41.435193,41.680428,129700400.000000
2018-01-22,41.409499,41.521605,41.246011,41.339432,108434400.000000
2018-01-23,41.409497,41.909307,41.297391,41.348770,130756400.000000
2018-01-24,41.397826,41.409505,40.451923,40.690151,204420400.000000
2018-01-25,40.757884,40.860650,39.828332,39.963795,166116000.000000
2018-01-26,40.171645,40.171645,39.718546,40.057201,156572000.000000
2018-01-29,39.741907,39.741907,39.020220,39.228085,202561600.000000
2018-01-30,38.660547,39.090289,38.466695,38.996868,184192800.000000
2018-01-31,38.973507,39.340192,38.887092,39.104298,129915600.000000
2018-02-01,39.043581,39.382237,38.947822,39.186050,188923200.000000
2018-02-02,38.770326,38.957172,37.392346,37.485767,346375200.000000
2018-02-05,37.158780,38.275178,36.434754,36.549198,290954000.000000
2018-02-06,36.161504,38.237818,35.967652,38.076664,272975200.000000
2018-02-07,38.090668,38.163070,37.151775,37.261543,206434400.000000
2018-02-08,37.436715,37.602542,36.208211,36.236237,217562000.000000
2018-02-09,36.834235,37.026530,35.232542,36.679459,282690400.000000
2018-02-12,37.169575,38.433575,36.937410,38.156857,243278000.000000
2018-02-13,37.978626,38.635250,37.908273,38.539101,130196800.000000
2018-02-14,38.234243,39.289530,38.196724,39.249664,162579600.000000
2018-02-15,39.817174,40.591053,39.631914,40.567604,204588800.000000
2018-02-16,40.419850,40.996742,40.281491,40.436264,160704400.000000
2018-02-20,40.347152,40.865413,40.199411,40.300251,135722000.000000
2018-02-21,40.530081,40.832595,40.103274,40.117348,149886400.000000
2018-02-22,40.288539,40.792730,40.267434,40.452694,123967600.000000
2018-02-23,40.727073,41.191398,40.696585,41.156223,135249600.000000
2018-02-26,41.355545,42.068449,41.322714,41.969955,152648800.000000
2018-02-27,42.000449,42.324068,41.780010,41.833946,155712400.000000
2018-02-28,42.037965,42.356897,41.754212,41.770626,151128400.000000
2018-03-01,41.869114,42.159905,40.490207,41.038956,195208000.000000
2018-03-02,40.523038,41.343817,40.440958,41.322712,153816000.000000
2018-03-05,41.088201,41.681506,40.926389,41.465759,113605600.000000
2018-03-06,41.721376,41.801108,41.303951,41.430584,95154000.000000
2018-03-07,41.024897,41.238300,40.867776,41.046001,126814000.000000
2018-03-08,41.151524,41.536118,41.055378,41.493908,95096400.000000
2018-03-09,41.733102,42.211497,41.599430,42.206806,128740800.000000
2018-03-12,42.279504,42.771973,42.260747,42.614853,128828400.000000
2018-03-13,42.818863,43.032266,42.033262,42.204453,126774000.000000
2018-03-14,42.286549,42.333450,41.697931,41.845673,117473600.000000
2018-03-15,41.859746,42.267791,41.758909,41.894920,90975200.000000
2018-03-16,41.894915,42.005134,41.653372,41.747177,157618800.000000
2018-03-19,41.583030,41.618204,40.724728,41.109322,133787200.000000
2018-03-20,41.095242,41.461074,41.024888,41.095242,78597600.000000
2018-03-21,41.048339,41.060066,40.161898,40.164246,148219600.000000
2018-03-22,39.866420,40.494901,39.538110,39.596737,165963200.000000
2018-03-23,39.488859,39.847656,38.679806,38.679806,164115200.000000
2018-03-26,39.413822,40.593398,39.031572,40.516010,150164800.000000
2018-03-27,40.729408,41.074136,39.144133,39.477135,163690400.000000
2018-03-28,39.221527,39.871116,38.738440,39.040955,166674000.000000
2018-03-29,39.352853,40.276816,39.139449,39.345818,153594000.000000
2018-04-02,39.078474,39.617844,38.569591,39.087852,150347200.000000
2018-04-03,39.312972,39.573277,38.665731,39.488853,121112000.000000
2018-04-04,38.665740,40.337782,38.639944,40.243980,138422000.000000
2018-04-05,40.471452,40.858390,40.354198,40.523045,107732800.000000
2018-04-06,40.093902,40.448009,39.444313,39.486526,140021200.000000
2018-04-09,39.838274,40.591043,39.831239,39.878139,116070800.000000
2018-04-10,40.569955,40.804463,40.225227,40.628582,113634400.000000
2018-04-11,40.389377,40.785697,40.265088,40.438625,89726400.000000
2018-04-12,40.666098,41.038965,40.579327,40.837288,91557200.000000
2018-04-13,40.987377,41.235955,40.769286,40.975651,100497200.000000
2018-04-16,41.045991,41.318022,40.999090,41.231255,86313600.000000
2018-04-17,41.388370,41.962915,41.369609,41.798759,106421600.000000
2018-04-18,41.697925,41.934781,41.479834,41.704960,83018000.000000
2018-04-19,40.748171,41.130420,40.490214,40.523045,139235200.000000
2018-04-20,40.007122,40.152516,38.794711,38.862720,261964400.000000
2018-04-23,39.123039,39.144144,38.480485,38.750172,146062000.000000
2018-04-24,38.851007,39.005784,37.807445,38.210800,134768000.000000
2018-04-25,38.135749,38.792373,38.086505,38.377293,113528400.000000
2018-04-26,38.487515,38.865074,38.311634,38.510967,111852000.000000
2018-04-27,38.459379,38.536767,37.669087,38.065407,142623200.000000
2018-04-30,38.020840,39.223865,37.952830,38.754848,169709600.000000
2018-05-01,39.024529,39.678806,38.757190,39.655357,214277600.000000
2018-05-02,41.092899,41.683861,40.757553,41.407143,266157600.000000
2018-05-03,41.245337,41.625239,40.907644,41.482189,136272800.000000
2018-05-04,41.801115,43.208166,41.782354,43.109673,224805200.000000
2018-05-07,43.426254,44.010181,43.325417,43.421566,169805600.000000
2018-05-08,43.381709,43.670153,43.072156,43.630287,113611200.000000
2018-05-09,43.747526,43.946856,43.435629,43.937477,92844800.000000
2018-05-10,44.026605,44.643360,44.005496,44.565971,111957200.000000
2018-05-11,44.608339,44.742522,44.128095,44.396465,104848800.000000
2018-05-14,44.495351,44.617767,44.224628,44.292896,83115200.000000
2018-05-15,43.970378,44.038650,43.574887,43.890339,94780800.000000
2018-05-16,43.803229,44.365865,43.786748,44.299946,76732400.000000
2018-05-17,44.257583,44.471809,43.871506,44.019817,69176000.000000
2018-05-18,44.066894,44.212849,43.817357,43.859730,73190800.000000
2018-05-21,44.257573,44.556548,44.000974,44.170471,73603200.000000
2018-05-22,44.347041,44.464747,43.970379,44.059837,60962800.000000
2018-05-23,43.869145,44.375281,43.730249,44.342323,80233600.000000
2018-05-24,44.438855,44.455332,43.836199,44.292896,92936000.000000
2018-05-25,44.311742,44.646028,44.175203,44.394138,69844000.000000
2018-05-29,44.163407,44.434130,43.991553,44.234028,90056400.000000
2018-05-30,44.191657,44.257572,43.970369,44.139866,74762000.000000
2018-05-31,44.073958,44.311723,43.819712,43.991562,109931200.000000
2018-06-01,44.255226,44.789610,44.198726,44.784904,93770000.000000
2018-06-04,45.114481,45.533515,45.046213,45.159210,105064800.000000
2018-06-05,45.451125,45.655933,45.283980,45.507622,86264000.000000
2018-06-06,45.582956,45.688891,45.180399,45.665348,83734400.000000
2018-06-07,45.703021,45.717145,45.279277,45.542942,85388800.000000
2018-06-08,45.003833,45.199226,44.674256,45.128601,106627200.000000
2018-06-11,45.046212,45.192166,44.777841,45.017960,73234000.000000
2018-06-12,45.055627,45.342831,44.999127,45.265144,67644400.000000
2018-06-13,45.298091,45.406382,44.831975,44.893181,86553600.000000
2018-06-14,45.093300,45.098009,44.780201,44.916740,86440400.000000
2018-06-15,44.735468,44.766073,44.318786,44.455326,246876800.000000
2018-06-18,44.229327,44.544779,44.069244,44.431782,73939600.000000
2018-06-19,43.584298,43.864440,43.186450,43.713776,134314000.000000
2018-06-20,43.869147,44.069245,43.723188,43.904457,82514800.000000
2018-06-21,44.081025,44.339980,43.537222,43.659637,102847600.000000
2018-06-22,43.814996,43.822058,43.480710,43.532501,108801600.000000
2018-06-25,43.174677,43.532505,42.546126,42.885120,126652400.000000
2018-06-26,43.078157,43.911517,42.972219,43.417149,98276800.000000
2018-06-27,43.605485,44.088082,43.322991,43.353596,101141200.000000
2018-06-28,43.339464,43.836185,43.268840,43.669041,69460800.000000
2018-06-29,43.855025,44.066899,43.059333,43.577240,90950800.000000
2018-07-02,43.273554,44.092789,43.179387,44.064537,70925200.000000
2018-07-03,44.208150,44.245817,43.207646,43.297104,55819200.000000
2018-07-05,43.612554,43.883281,43.381851,43.645512,66416800.000000
2018-07-06,43.650216,44.358807,43.598425,44.250519,69940800.000000
2018-07-09,44.610698,44.888484,44.563617,44.864944,79026400.000000
2018-07-10,44.895555,45.029738,44.770783,44.810806,63756400.000000
2018-07-11,44.375287,44.676615,44.165770,44.229332,75326000.000000
2018-07-12,44.617767,45.060344,44.565976,44.970886,72164400.000000
2018-07-13,44.982643,45.161555,44.940267,45.041496,50055600.000000
2018-07-16,45.086233,45.352246,44.827277,44.942631,60172400.000000
2018-07-17,44.669543,45.168617,44.540066,45.069744,62138000.000000
2018-07-18,45.147438,45.152147,44.711923,44.822567,65573600.000000
2018-07-19,44.655424,45.328705,44.655424,45.170979,81147200.000000
2018-07-20,45.147430,45.300447,44.768415,45.067390,82704800.000000
2018-07-23,44.888479,45.189810,44.624818,45.107414,63957600.000000
2018-07-24,45.305158,45.590008,45.210994,45.434635,74791600.000000
2018-07-25,45.448777,45.870168,45.300466,45.863106,66839600.000000
2018-07-26,45.813665,46.131474,45.578252,45.719501,76304000.000000
2018-07-27,45.903106,45.950187,44.751938,44.959099,96096000.000000
2018-07-30,45.175683,45.246308,44.509469,44.707214,84118000.000000
2018-07-31,44.799033,45.232192,44.573035,44.796677,157492000.000000
2018-08-01,46.877719,47.496852,46.449267,47.435646,271742800.000000
2018-08-02,47.219072,49.055291,47.164928,48.822231,249616000.000000
2018-08-03,48.737477,49.140034,48.372586,48.963474,133789600.000000
2018-08-06,48.965834,49.260100,48.746902,49.217728,101701600.000000
2018-08-07,49.276581,49.318953,48.673921,48.756317,102349600.000000
2018-08-08,48.506782,48.921107,48.146601,48.789276,90102000.000000
2018-08-09,49.326013,49.384866,48.777501,49.172997,93970400.000000
2018-08-10,48.986364,49.397419,48.823359,49.026524,98444800.000000
2018-08-13,49.447032,49.834462,49.066688,49.343086,103563600.000000
2018-08-14,49.647842,49.742336,49.198987,49.550983,82992000.000000
2018-08-15,49.425761,49.784844,49.215509,49.666725,115230400.000000
2018-08-16,50.023445,50.510095,49.957298,50.394341,114001600.000000
2018-08-17,50.422707,51.488141,50.356561,51.400734,141708000.000000
2018-08-20,51.523564,51.778698,50.817210,50.899895,121150800.000000
2018-08-21,51.216460,51.308593,50.562079,50.800678,104639200.000000
2018-08-22,50.578618,51.112515,50.517193,50.803043,76072400.000000
2018-08-23,50.708543,51.275517,50.696734,50.906986,75532800.000000
2018-08-24,51.169211,51.240080,50.817215,51.065266,73905600.000000
2018-08-27,51.299145,51.674766,51.105431,51.485775,82100400.000000
2018-08-28,51.738545,52.099990,51.717285,51.901550,91107200.000000
2018-08-29,52.007852,52.796891,51.833038,52.676407,109019200.000000
2018-08-30,52.740194,53.923747,52.539390,53.160698,195175200.000000
2018-08-31,53.510332,54.067855,53.389852,53.774921,173360400.000000
2018-09-04,53.959185,54.141086,53.538681,53.947372,109560400.000000
2018-09-05,54.096203,54.256843,53.177236,53.595375,133332000.000000
2018-09-06,53.444181,53.708770,52.279528,52.704758,137160000.000000
2018-09-07,52.409461,53.241017,52.140150,52.279530,150479200.000000
2018-09-10,52.196851,52.409467,51.138504,51.577908,158066000.000000
2018-09-11,51.502320,52.988261,51.159775,52.881954,142996000.000000
2018-09-12,53.139438,53.153612,51.934621,52.225197,197114800.000000
2018-09-13,52.803981,53.945012,52.579555,53.486710,166825600.000000
2018-09-14,53.330790,53.588289,52.567741,52.879574,127997200.000000
2018-09-17,52.480331,52.669322,51.327490,51.471596,148780400.000000
2018-09-18,51.450338,52.409469,51.292059,51.556648,126286800.000000
2018-09-19,51.618065,51.882651,50.862103,51.587353,108495200.000000
2018-09-20,52.029108,52.511032,51.771605,51.979496,106435200.000000
2018-09-21,52.156690,52.293709,51.332218,51.419628,384986800.000000
2018-09-24,51.221195,52.270090,51.176309,52.159058,110773600.000000
2018-09-25,51.913355,52.638608,51.901542,52.489777,98217600.000000
2018-09-26,52.208651,52.858306,51.915714,52.071632,95938800.000000
2018-09-27,52.874861,53.493804,52.808711,53.141808,120724800.000000
2018-09-28,53.103993,53.352044,52.922092,53.328423,91717600.000000
2018-10-01,53.850516,54.197787,53.472537,53.687511,94403200.000000
2018-10-02,53.685151,54.334807,53.538685,54.164715,99152800.000000
2018-10-03,54.346616,55.154550,54.282831,54.823818,114619200.000000
2018-10-04,54.519081,54.889977,53.562315,53.859978,128168000.000000
2018-10-05,53.852876,53.959182,52.109436,52.985878,134322000.000000
2018-10-08,52.494510,53.106366,52.019669,52.863041,118655600.000000
2018-10-09,52.832326,53.689873,52.503955,53.595375,107564000.000000
2018-10-10,53.262280,53.472532,51.039277,51.112511,167962400.000000
2018-10-11,50.677828,51.854293,50.158104,50.661289,212497600.000000
2018-10-12,52.071624,52.652772,51.225891,52.470867,161351600.000000
2018-10-15,52.246442,52.404721,51.327475,51.348736,123164000.000000
2018-10-16,51.719644,52.678774,51.207007,52.480331,116736000.000000
2018-10-17,52.515757,52.596077,51.816490,52.253532,91541600.000000
2018-10-18,51.466877,51.911007,50.318759,51.032200,130325200.000000
2018-10-19,51.514116,52.270078,51.365285,51.809414,132314800.000000
2018-10-22,51.922811,52.766184,51.722011,52.125977,115168400.000000
2018-10-23,50.987301,52.740189,50.720351,52.617344,155071200.000000
2018-10-24,52.586632,52.971698,50.682549,50.812481,163702000.000000
2018-10-25,51.431434,52.298428,51.204643,51.925171,119423200.000000
2018-10-26,51.003849,52.017314,50.240800,51.098347,189033600.000000
2018-10-29,51.781065,51.899184,48.686342,50.139210,183742000.000000
2018-10-30,49.881711,50.833751,49.437586,50.389626,146640000.000000
2018-10-31,51.235355,52.078724,51.173931,51.703106,153435600.000000
2018-11-01,51.747993,52.529941,51.218818,52.496868,233292800.000000
2018-11-02,49.503736,50.472311,48.530432,49.014721,365314800.000000
2018-11-05,48.263483,48.284744,46.815341,47.623276,264654800.000000
2018-11-06,47.701229,48.362697,47.646895,48.138271,127531600.000000
2018-11-07,48.658001,49.624215,48.223323,49.598228,133697600.000000
2018-11-08,49.778399,49.811588,49.012688,49.425179,101450400.000000
2018-11-09,48.728196,48.837243,47.945889,48.472168,137463200.000000
2018-11-12,47.175454,47.376959,45.940356,46.030441,204542000.000000
2018-11-13,45.428302,46.743997,45.385629,45.570538,187531600.000000
2018-11-14,45.966421,46.103918,44.077033,44.283279,243204000.000000
2018-11-15,44.660214,45.508899,44.306990,45.376144,185915200.000000
2018-11-16,45.160409,46.220078,44.913865,45.878708,147713200.000000
2018-11-19,45.041887,45.207830,43.854204,44.060448,167701200.000000
2018-11-20,42.284839,43.019734,41.606840,41.955322,271300800.000000
2018-11-21,42.607247,42.735263,41.853390,41.907913,124496800.000000
2018-11-23,41.471716,41.865241,40.798459,40.843498,94496000.000000
2018-11-26,41.305774,41.474086,40.362262,41.395855,179994000.000000
2018-11-27,40.658591,41.431418,40.509244,41.305775,165549600.000000
2018-11-28,41.896061,42.977066,41.469348,42.894096,184250000.000000
2018-11-29,43.301840,43.335028,42.126008,42.564575,167080000.000000
2018-11-30,42.740004,42.749489,41.967181,42.334629,158126000.000000
2018-12-03,43.728550,43.842339,42.958097,43.813892,163210000.000000
2018-12-04,42.896459,43.237829,41.787008,41.886574,165377200.000000
2018-12-06,40.717853,41.433783,40.400190,41.419559,172393600.000000
2018-12-07,41.127966,41.365028,39.897611,39.942654,169126400.000000
2018-12-10,39.115318,40.321965,38.719424,40.205807,248104000.000000
2018-12-11,40.694160,40.724976,39.589447,39.975861,189126800.000000
2018-12-12,40.395447,40.755783,40.068303,40.087269,142510800.000000
2018-12-13,40.416794,40.909885,40.193955,40.525841,127594400.000000
2018-12-14,40.063572,40.082537,39.181699,39.229111,162814800.000000
2018-12-17,39.221992,39.909475,38.577182,38.864029,177151600.000000
2018-12-18,39.205410,39.715094,38.970717,39.368984,135366000.000000
2018-12-19,39.352381,39.696121,37.714278,38.140991,196189200.000000
2018-12-20,38.024828,38.430206,36.815811,37.178516,259092000.000000
2018-12-21,37.185636,37.493818,35.471674,35.732441,382978400.000000
2018-12-24,35.120816,35.926831,34.750999,34.807896,148676800.000000
2018-12-26,35.156377,37.273344,34.781818,37.259121,234330000.000000
2018-12-27,36.943822,37.164292,35.575974,37.017311,212468400.000000
2018-12-28,37.337352,37.579157,36.638018,37.036282,169165600.000000
2018-12-31,37.581523,37.778285,37.095544,37.394245,140014000.000000
2019-01-02,36.718621,37.657390,36.562159,37.436920,148158800.000000
2019-01-03,34.132260,34.544750,33.662878,33.707920,365248800.000000
2019-01-04,34.262643,35.215635,34.089588,35.146885,234428400.000000
2019-01-07,35.251196,35.282015,34.587420,35.068657,219111200.000000
2019-01-08,35.455085,35.990849,35.208542,35.737190,164101200.000000
2019-01-09,35.865192,36.633276,35.471671,36.344059,180396400.000000
2019-01-10,36.152035,36.500517,35.763252,36.460217,143122800.000000
2019-01-11,36.242126,36.436516,35.917348,36.102257,108092800.000000
2019-01-14,35.760888,35.860454,35.374475,35.559383,129756800.000000
2019-01-15,35.623379,36.363013,35.571225,36.287155,114843600.000000
2019-01-16,36.289532,36.953308,36.270567,36.730469,122278800.000000
2019-01-17,36.555034,37.375272,36.332195,36.948559,119284800.000000
2019-01-18,37.337352,37.427437,36.977016,37.176151,135004000.000000
2019-01-22,37.078951,37.154809,36.180482,36.341686,121576000.000000
2019-01-23,36.543194,36.777887,35.962391,36.488670,92522400.000000
2019-01-24,36.533714,36.621426,35.971877,36.199455,101766000.000000
2019-01-25,36.858484,37.486702,36.583495,37.398987,134142000.000000
2019-01-28,36.931971,37.059987,36.427031,37.052876,104768400.000000
2019-01-29,37.041025,37.486703,36.533711,36.668835,166348800.000000
2019-01-30,38.700462,39.387942,37.984532,39.174587,244439200.000000
2019-01-31,39.378457,40.063567,39.011009,39.456688,162958400.000000
2019-02-01,39.579974,40.058838,39.335796,39.475666,130672400.000000
2019-02-04,39.686635,40.694151,39.655816,40.596954,125982000.000000
2019-02-05,40.978640,41.504920,40.857740,41.291561,144406400.000000
2019-02-06,41.402968,41.621068,40.976258,41.305775,112958400.000000
2019-02-07,40.869573,41.234652,40.381225,40.523464,126966800.000000
2019-02-08,40.233015,40.630607,40.097308,40.571087,95280000.000000
2019-02-11,40.723475,40.761568,40.294931,40.337784,83973600.000000
2019-02-12,40.497279,40.711549,40.402045,40.685360,89134000.000000
2019-02-13,40.804404,41.063910,40.454428,40.516327,89960800.000000
2019-02-14,40.404435,40.773455,40.325868,40.663940,87342800.000000
2019-02-15,40.771066,40.878201,40.413947,40.573460,98507200.000000
2019-02-19,40.404439,40.816316,40.352062,40.694893,75891200.000000
2019-02-20,40.756786,41.263896,40.709171,40.956772,104457600.000000
2019-02-21,40.902018,41.037721,40.544899,40.725838,68998800.000000
2019-02-22,40.849646,41.187718,40.802031,41.180576,75652800.000000
2019-02-25,41.463885,41.870999,41.413887,41.480549,87493600.000000
2019-02-26,41.356760,41.735305,41.228195,41.504368,68280800.000000
2019-02-27,41.237718,41.663878,41.123437,41.632927,111341600.000000
2019-02-28,41.501979,41.642445,41.168666,41.223423,112861600.000000
2019-03-01,41.492452,41.699579,41.161522,41.656727,103544800.000000
2019-03-04,41.828140,42.318583,41.418644,41.866234,109744800.000000
2019-03-05,41.887668,41.901952,41.554355,41.790054,78949600.000000
2019-03-06,41.585298,41.780524,41.411501,41.549587,83241600.000000
2019-03-07,41.394847,41.530554,40.954403,41.068680,99185600.000000
2019-03-08,40.549655,41.204372,40.354428,41.166279,95997600.000000
2019-03-11,41.780544,42.644770,41.747213,42.592392,128044000.000000
2019-03-12,42.854262,43.489933,42.704271,43.070915,129870400.000000
2019-03-13,43.389948,43.639932,43.073302,43.261387,124130000.000000
2019-03-14,43.782767,43.830386,43.463742,43.742294,94318000.000000
2019-03-15,44.008948,44.599383,43.744680,44.311306,156171600.000000
2019-03-18,44.235128,44.851752,44.232745,44.763664,104879200.000000
2019-03-19,44.842226,44.994597,44.263692,44.408920,126585600.000000
2019-03-20,44.337495,45.113635,43.980376,44.796989,124140800.000000
2019-03-21,45.239828,46.742108,45.189830,46.446888,204136800.000000
2019-03-22,46.506397,47.065885,45.420756,45.485039,169630800.000000
2019-03-25,45.594566,45.706464,44.425600,44.935089,175381200.000000
2019-03-26,45.630270,45.920727,43.944668,44.470821,199202000.000000
2019-03-27,44.937462,45.177921,44.413688,44.870800,119393600.000000
2019-03-28,44.985082,45.130310,44.647010,44.930325,83121600.000000
2019-03-29,45.194576,45.254096,44.887452,45.223145,94256000.000000
2019-04-01,45.625523,45.635044,44.849385,45.530293,111448000.000000
2019-04-02,45.494557,46.296886,45.485035,46.192131,91062800.000000
2019-04-03,46.008817,46.782575,45.985008,46.508785,93087200.000000
2019-04-04,46.375456,46.751621,45.982626,46.589729,76457200.000000
2019-04-05,46.770663,46.925417,46.646861,46.901608,74106400.000000
2019-04-08,46.763526,47.670608,46.744480,47.639660,103526800.000000
2019-04-09,47.692034,48.294374,47.432525,47.496807,143072800.000000
2019-04-10,47.301584,47.792030,47.182544,47.763458,86781200.000000
2019-04-11,47.818217,47.853927,47.244445,47.365864,83603200.000000
2019-04-12,47.425380,47.649175,46.713525,47.346813,111042800.000000
2019-04-15,47.277779,47.580141,47.142072,47.432529,70146400.000000
2019-04-16,47.487300,47.942029,47.273026,47.437302,102785600.000000
2019-04-17,47.506327,48.420554,47.284915,48.361034,115627200.000000
2019-04-18,48.358667,48.603889,48.215822,48.534847,96783200.000000
2019-04-22,48.289606,48.791953,48.172946,48.694340,77758000.000000
2019-04-23,48.670540,49.460965,48.544359,49.396683,93292000.000000
2019-04-24,49.368118,49.634766,49.294314,49.320503,70162400.000000
2019-04-25,49.241929,49.463341,48.834812,48.872906,74172800.000000
2019-04-26,48.782433,48.806242,48.120573,48.639587,74596400.000000
2019-04-29,48.663396,49.037182,48.534835,48.713394,88818800.000000
2019-04-30,48.344381,48.425327,47.403968,47.775372,186139600.000000
2019-05-01,49.968075,51.260843,49.813321,50.120445,259309200.000000
2019-05-02,49.958545,50.627547,49.551431,49.794270,127985200.000000
2019-05-03,50.208540,50.434714,50.051407,50.413288,83569600.000000
2019-05-06,48.637217,49.720478,48.449136,49.634769,129772400.000000
2019-05-07,49.015753,49.382394,47.813452,48.296753,155054800.000000
2019-05-08,48.068195,48.887188,48.032485,48.306274,105358000.000000
2019-05-09,47.711098,48.015839,46.820683,47.787285,139634400.000000
2019-05-10,47.182608,47.524375,46.071278,47.125248,164834800.000000
2019-05-13,44.861964,45.284984,43.700442,44.386360,229722400.000000
2019-05-14,44.551263,45.337559,44.312267,45.089005,146118800.000000
2019-05-15,44.517801,45.827499,44.458052,45.629131,106178800.000000
2019-05-16,45.387746,45.999576,45.132019,45.428375,132125600.000000
2019-05-17,44.675526,45.624341,44.634898,45.170250,131516400.000000
2019-05-20,43.860567,44.058935,43.086219,43.757797,154449200.000000
2019-05-21,44.266856,44.931265,44.142577,44.596672,113459200.000000
2019-05-22,44.133018,44.383965,43.628736,43.683704,118994400.000000
2019-05-23,42.971501,43.148356,42.495897,42.938042,146118800.000000
2019-05-24,43.067104,43.530757,42.689490,42.773140,94858800.000000
2019-05-28,42.761179,43.160302,42.519795,42.596272,111792800.000000
2019-05-29,42.163686,42.863946,42.063308,42.393124,113924800.000000
2019-05-30,42.529353,42.835267,42.223438,42.613003,84873600.000000
2019-05-31,42.118286,42.538921,41.821933,41.841053,108174400.000000
2019-06-03,41.967718,42.522187,40.693868,41.418026,161584400.000000
2019-06-04,41.929471,42.978664,41.709596,42.933254,123872000.000000
2019-06-05,44.042197,44.211886,43.291750,43.626343,119093600.000000
2019-06-06,43.755409,44.326610,43.533141,44.266861,90105200.000000
2019-06-07,44.575172,45.868142,44.398317,45.445118,122737600.000000
2019-06-10,45.841836,46.692661,45.796426,46.025864,104883600.000000
2019-06-11,46.570788,46.843244,46.269655,46.558838,107731600.000000
2019-06-12,46.353307,46.836080,46.219470,46.410667,73012800.000000
2019-06-13,46.532537,47.032038,46.269644,46.401089,86698400.000000
2019-06-14,45.779708,46.267258,45.480962,46.064114,75046000.000000
2019-06-17,46.102328,46.594663,45.927862,46.338936,58676400.000000
2019-06-18,46.855179,47.868520,46.654423,47.428768,106204000.000000
2019-06-19,47.722740,47.770542,47.156320,47.290157,84496800.000000
2019-06-20,47.887646,47.945006,47.328396,47.670162,86056000.000000
2019-06-21,47.512426,48.002368,47.357076,47.507645,191202400.000000
2019-06-24,47.450281,47.837457,47.361853,47.459843,72881600.000000
2019-06-25,47.424008,47.622375,46.673560,46.740482,84281200.000000
2019-06-26,47.266261,48.035829,47.165883,47.751423,104270000.000000
2019-06-27,47.868525,48.174443,47.696451,47.737080,83598800.000000
2019-06-28,47.483741,47.679719,47.094180,47.302105,124442400.000000
2019-07-01,48.556831,48.872308,47.954560,48.169659,109012000.000000
2019-07-02,48.136210,48.547284,48.124260,48.451683,67740800.000000
2019-07-03,48.583128,48.860365,48.442122,48.853195,45448000.000000
2019-07-05,48.599855,49.013317,48.492304,48.810169,69062000.000000
2019-07-08,47.992810,48.133817,47.419221,47.804005,101354400.000000
2019-07-09,47.608023,48.160104,47.514815,48.095577,82312000.000000
2019-07-10,48.241355,48.690665,48.172044,48.571167,71588400.000000
2019-07-11,48.590302,48.848418,48.207910,48.217468,80767200.000000
2019-07-12,48.384758,48.755202,48.325009,48.587906,70380800.000000
2019-07-15,48.776714,49.202126,48.755205,49.044392,67789600.000000
2019-07-16,48.896219,49.259494,48.635714,48.874710,67467200.000000
2019-07-17,48.767169,49.015724,48.580752,48.599873,56430000.000000
2019-07-18,48.755197,49.204511,48.683498,49.151932,74162400.000000
2019-07-19,49.183000,49.352688,48.363245,48.418213,83717200.000000
2019-07-22,48.671570,49.527177,48.662012,49.524788,89111600.000000
2019-07-23,49.821129,49.928677,49.541501,49.911945,73420800.000000
2019-07-24,49.632319,49.986032,49.512821,49.871315,59966400.000000
2019-07-25,49.923896,50.007546,49.407664,49.476974,55638400.000000
2019-07-26,49.586910,50.124652,49.505653,49.649052,70475600.000000
2019-07-29,49.821126,50.342135,49.816345,50.112698,86693600.000000
2019-07-30,49.892825,50.227422,49.546281,49.897606,135742800.000000
2019-07-31,51.723530,52.906560,50.499871,50.915722,277125600.000000
2019-08-01,51.121266,52.108321,49.410057,49.813957,216071600.000000
2019-08-02,49.120870,49.335965,48.188786,48.759987,163448400.000000
2019-08-05,47.318830,47.476565,46.025861,46.207497,209572000.000000
2019-08-06,46.917318,47.337953,46.374796,47.082226,143299200.000000
2019-08-07,46.702229,47.694061,46.322226,47.569782,133457600.000000
2019-08-08,47.847020,48.642878,47.653434,48.618977,108038000.000000
2019-08-09,48.292700,48.642958,47.810490,48.218330,98478800.000000
2019-08-12,47.889671,48.472641,47.776916,48.095989,89927600.000000
2019-08-13,48.225533,50.893266,48.095983,50.132771,188874000.000000
2019-08-14,48.738926,49.525811,48.602178,48.640564,146189600.000000
2019-08-15,48.810897,49.213935,47.901659,48.398262,108909600.000000
2019-08-16,49.007616,49.698541,48.902057,49.540203,110481600.000000
2019-08-19,50.528612,51.034810,50.387069,50.463840,97654400.000000
2019-08-20,50.590983,51.183547,50.456638,50.466232,107537200.000000
2019-08-21,51.097193,51.255527,50.763727,51.013226,86141600.000000
2019-08-22,51.145168,51.445049,50.559802,50.970039,89014800.000000
2019-08-23,50.243121,50.871673,48.220731,48.614174,187272000.000000
2019-08-26,49.386667,49.705740,49.194743,49.537807,104174400.000000
2019-08-27,49.866477,50.032011,48.827691,48.978832,103493200.000000
2019-08-28,48.964445,49.353089,48.777320,49.307507,63755200.000000
2019-08-29,50.020019,50.216742,49.578596,50.142368,83962000.000000
2019-08-30,50.418247,50.487817,49.708129,50.077583,84573600.000000
2019-09-03,49.523415,49.655363,48.993229,49.348286,80092000.000000
2019-09-04,49.993627,50.255121,49.736931,50.185551,76752400.000000
2019-09-05,50.859686,51.332298,50.742132,51.166763,95654800.000000
2019-09-06,51.351487,51.440250,50.982032,51.161961,77449200.000000
2019-09-09,51.541003,51.924852,50.636567,51.380268,109237600.000000
2019-09-10,51.305901,52.006421,50.790109,51.987228,127111600.000000
2019-09-11,52.315895,53.668954,52.234325,53.640163,177158400.000000
2019-09-12,53.930463,54.319107,53.465049,53.520226,128906800.000000
2019-09-13,52.778907,52.968430,52.063994,52.479027,159053200.000000
2019-09-16,52.234341,52.810113,52.193557,52.754932,84632400.000000
2019-09-17,52.769319,52.975637,52.567797,52.946846,73274800.000000
2019-09-18,53.033217,53.462648,52.644573,53.443455,101360000.000000
2019-09-19,53.261117,53.680949,52.867674,53.009220,88242400.000000
2019-09-20,53.109985,53.393071,52.171959,52.234333,221652400.000000
2019-09-23,52.527005,52.740520,52.215129,52.471828,76662000.000000
2019-09-24,53.026008,53.376270,52.104778,52.222328,124763200.000000
2019-09-25,52.431055,53.138771,52.092789,53.026016,87613600.000000
2019-09-26,52.778911,53.004422,52.498224,52.752522,75334000.000000
2019-09-27,52.908455,53.009218,52.126369,52.495823,101408000.000000
2019-09-30,52.994823,53.877673,52.968434,53.731331,103909600.000000
2019-10-01,53.995226,54.750923,53.786507,53.880070,139223200.000000
2019-10-02,53.513012,53.637763,52.282303,52.529408,138449200.000000
2019-10-03,52.402261,53.009222,51.610580,52.975636,114426000.000000
2019-10-04,54.131969,54.575793,53.712136,54.460636,138478800.000000
2019-10-07,54.283122,55.161169,54.179961,54.472645,122306000.000000
2019-10-08,54.175151,54.712534,53.817693,53.834484,111820000.000000
2019-10-09,54.465443,54.647769,54.131976,54.465443,74770400.000000
2019-10-10,54.681353,55.283515,54.530216,55.199547,113013600.000000
2019-10-11,55.885677,57.010828,55.732138,56.667767,166795600.000000
2019-10-14,56.353490,57.128383,56.298313,56.586197,96427600.000000
2019-10-15,56.710946,57.013224,56.348692,56.454250,87360000.000000
2019-10-16,55.986429,56.435053,55.945646,56.226334,73903200.000000
2019-10-17,56.399066,56.653364,56.022419,56.444649,67585200.000000
2019-10-18,56.279117,56.996431,56.207145,56.715744,97433600.000000
2019-10-21,56.982041,57.814509,56.934061,57.699352,87247200.000000
2019-10-22,57.855286,58.104785,57.485832,57.567402,82293600.000000
2019-10-23,58.080796,58.354287,57.869679,58.339890,75828800.000000
2019-10-24,58.658965,58.728539,58.011224,58.435856,69275200.000000
2019-10-25,58.335092,59.191548,58.267919,59.155563,73477200.000000
2019-10-28,59.357078,59.796103,59.189146,59.748123,96572800.000000
2019-10-29,59.728929,59.916054,58.193544,58.366272,142839600.000000
2019-10-30,58.718934,58.848484,57.867277,58.359077,124522000.000000
2019-10-31,59.313907,59.776920,56.919660,59.678558,139162000.000000
2019-11-01,59.865675,61.398662,59.774514,61.372276,151125200.000000
2019-11-04,61.734535,61.859290,61.266726,61.775322,103272000.000000
2019-11-05,61.667358,61.940852,61.492232,61.686554,79897600.000000
2019-11-06,61.600181,61.772912,61.264317,61.712936,75864400.000000
2019-11-07,62.259162,62.646571,62.107568,62.425194,94940400.000000
2019-11-08,62.247127,62.668219,61.804379,62.596035,69986400.000000
2019-11-11,62.153283,63.156690,62.148473,63.091724,81821200.000000
2019-11-12,62.935313,63.233692,62.783726,63.033970,87388800.000000
2019-11-13,62.834236,63.712513,62.819799,63.637920,102734400.000000
2019-11-14,63.464695,63.736602,63.067666,63.197605,89182800.000000
2019-11-15,63.447846,63.953159,63.286632,63.948349,100206400.000000
2019-11-18,63.957966,64.350185,63.580192,64.270782,86703200.000000
2019-11-19,64.463268,64.487332,63.859306,64.075867,76167200.000000
2019-11-20,63.895398,64.025330,62.658585,63.329929,106234400.000000
2019-11-21,63.450256,63.527258,62.846287,63.046009,121395200.000000
2019-11-22,63.185555,63.327523,62.764463,62.990650,65325200.000000
2019-11-25,63.214430,64.111961,63.168710,64.095116,84020400.000000
2019-11-26,64.232277,64.285214,63.163904,63.594624,105207600.000000
2019-11-27,63.905031,64.482536,63.840065,64.448845,65235600.000000
2019-11-29,64.150450,64.487323,63.982010,64.306854,46617600.000000
2019-12-02,64.311678,64.547492,63.392498,63.563339,94487200.000000
2019-12-03,62.155693,62.449255,61.669634,62.430008,114430400.000000
2019-12-04,62.819823,63.358819,62.725976,62.981037,67181600.000000
2019-12-05,63.474328,63.979641,63.219267,63.905041,74424400.000000
2019-12-06,64.362223,65.209218,64.318905,65.139435,106075600.000000
2019-12-09,64.968598,65.161095,63.743821,64.227478,128042400.000000
2019-12-10,64.631741,64.985459,63.972425,64.602867,90420400.000000
2019-12-11,64.682240,65.233272,64.607647,65.153862,78756800.000000
2019-12-12,64.434397,65.584581,64.323712,65.319893,137310400.000000
2019-12-13,65.319890,66.243886,65.192359,66.207794,133587600.000000
2019-12-16,66.652958,67.564927,66.648149,67.341141,128186000.000000
2019-12-17,67.271372,67.800741,67.086086,67.473495,114158400.000000
2019-12-18,67.326700,67.832013,67.163078,67.312263,116028400.000000
2019-12-19,67.254517,67.658764,67.122176,67.379639,98369200.000000
2019-12-20,67.911449,68.012507,67.028354,67.240105,275978000.000000
2019-12-23,67.502389,68.397513,67.463888,68.337357,98572000.000000
2019-12-24,68.503371,68.551499,68.077468,68.402306,48478800.000000
2019-12-26,68.534667,69.776291,68.505794,69.759445,93121200.000000
2019-12-27,70.050582,70.736363,69.328709,69.732956,146266000.000000
2019-12-30,69.651134,70.428354,68.630889,70.146820,144114400.000000
2019-12-31,69.764240,70.666581,69.665583,70.659363,100805600.000000
2020-01-02,71.282583,72.331709,71.029930,72.271553,135480400.000000
2020-01-03,71.501534,72.326874,71.345130,71.568909,146322800.000000
2020-01-06,70.693073,72.177722,70.442821,72.139221,118387200.000000
2020-01-07,72.148812,72.403874,71.580942,71.799911,108872000.000000
2020-01-08,71.503960,73.255706,71.503960,72.954926,132079200.000000
2020-01-09,73.929436,74.697028,73.679192,74.504532,170108400.000000
2020-01-10,74.737924,75.236018,74.172455,74.672951,140644800.000000
2020-01-13,74.988187,76.294775,74.870276,76.268303,121532000.000000
2020-01-14,76.205780,76.415122,75.115751,75.238464,161954400.000000
2020-01-15,75.038729,75.917006,74.485288,74.916008,121923600.000000
2020-01-16,75.457410,75.965131,75.096473,75.854439,108829200.000000
2020-01-17,76.102295,76.696638,75.796705,76.694237,137816400.000000
2020-01-21,76.323663,76.764002,76.037319,76.174477,110843200.000000
2020-01-22,76.658124,76.997405,76.352534,76.446381,101832400.000000
2020-01-23,76.499320,76.893940,75.953098,76.814537,104472000.000000
2020-01-24,77.059959,77.801079,76.403052,76.593147,146537600.000000
2020-01-27,74.607994,75.019459,73.361561,74.340904,161940000.000000
2020-01-28,75.219192,76.614811,75.120535,76.443970,162234000.000000
2020-01-29,78.070609,78.888730,77.331890,78.044136,216229200.000000
2020-01-30,77.129762,77.983976,76.699042,77.931038,126743200.000000
2020-01-31,77.223589,77.644682,74.182100,74.475662,199588400.000000
2020-02-03,73.222000,75.433338,72.721504,74.271126,173788400.000000
2020-02-04,75.871294,76.913202,75.467046,76.723106,136616400.000000
2020-02-05,77.846804,78.145183,76.747156,77.348717,118826800.000000
2020-02-06,77.618189,78.255842,77.062347,78.253433,105425600.000000
2020-02-07,77.754185,78.002616,76.700162,77.189789,117684000.000000
2020-02-10,75.778795,77.556404,75.699203,77.556404,109348800.000000
2020-02-11,78.050861,78.123216,76.871411,77.088486,94323200.000000
2020-02-12,77.537106,78.923980,77.537106,78.919159,113730400.000000
2020-02-13,78.193167,78.682793,77.990563,78.357178,94747600.000000
2020-02-14,78.325831,78.624919,77.869976,78.376488,80113600.000000
2020-02-18,76.063398,77.122249,75.882501,76.941353,152531200.000000
2020-02-19,77.182553,78.284818,77.182553,78.055679,93984000.000000
2020-02-20,77.816903,78.304115,76.750816,77.254913,100566000.000000
2020-02-21,76.849686,77.291078,74.891180,75.506226,129554000.000000
2020-02-24,71.697782,73.366851,69.760982,71.919678,222195200.000000
2020-02-25,72.587789,72.968875,69.013270,69.483597,230673600.000000
2020-02-26,69.109753,71.847324,69.102518,70.585869,198054800.000000
2020-02-27,67.800060,68.981917,65.836725,65.971794,320605600.000000
2020-02-28,62.049963,67.151246,61.835295,65.933205,426510000.000000
2020-03-02,68.084671,72.705978,66.984820,72.071632,341397200.000000
2020-03-03,73.243825,73.323416,68.933656,69.782669,319475600.000000
2020-03-04,71.500010,73.178729,70.701653,73.019539,219178400.000000
2020-03-05,71.278073,72.250090,70.286763,70.650970,187572800.000000
2020-03-06,68.017119,70.144465,67.831401,69.712723,226176800.000000
2020-03-09,63.615324,67.074067,63.434427,64.199020,286744800.000000
2020-03-10,66.844917,69.088032,64.970824,68.822716,285290000.000000
2020-03-11,66.905205,67.828981,65.571387,66.432457,255598800.000000
2020-03-12,61.731571,65.122779,59.816478,59.871952,418474000.000000
2020-03-13,63.890279,67.515447,61.010400,67.045113,370732000.000000
2020-03-16,58.357251,62.488927,57.886920,58.419964,322423600.000000
2020-03-17,59.698285,62.134357,57.500994,60.988682,324056000.000000
2020-03-18,57.831438,60.298867,57.192268,59.495686,300233600.000000
2020-03-19,59.669357,60.983872,58.516443,59.039837,271857200.000000
2020-03-20,59.618705,60.740266,54.992577,55.291660,401693200.000000
2020-03-23,55.011864,55.113166,51.280570,54.117027,336752800.000000
2020-03-24,57.008963,59.741709,56.512101,59.546341,287531200.000000
2020-03-25,60.479766,62.288733,58.924056,59.218315,303602000.000000
2020-03-26,59.459503,62.392437,59.420911,62.334553,252087200.000000
2020-03-27,60.962161,61.714690,59.587347,59.753773,204216800.000000
2020-03-30,60.477366,61.630281,60.154161,61.459030,167976400.000000
2020-03-31,61.649568,63.311401,60.781263,61.333599,197002000.000000
2020-04-01,59.454689,59.990143,57.677079,58.106407,176218400.000000
2020-04-02,57.968918,59.129067,57.139205,59.076004,165934000.000000
2020-04-03,58.562259,59.261724,57.638480,58.226997,129880000.000000
2020-04-06,60.515957,63.460952,60.149342,63.306591,201820400.000000
2020-04-07,65.315741,65.532823,62.469637,62.573349,202887200.000000
2020-04-08,63.371703,64.488440,63.007503,64.174889,168895200.000000
2020-04-09,64.809239,65.139676,63.844457,64.637985,161834800.000000
2020-04-13,64.715156,66.015203,64.116988,65.906662,131022800.000000
2020-04-14,67.534721,69.524583,67.064387,69.235146,194994800.000000
2020-04-15,68.113592,69.061488,67.686678,68.603218,131154400.000000
2020-04-16,69.314779,69.512561,68.101566,69.148354,157125200.000000
2020-04-17,68.665938,69.211042,66.777374,68.210075,215250000.000000
2020-04-20,67.040282,67.939937,66.774966,66.794258,130015200.000000
2020-04-21,66.637487,66.871447,64.020514,64.729630,180991600.000000
2020-04-22,65.993527,67.028258,65.653447,66.594109,116862400.000000
2020-04-23,66.538594,67.956825,66.297399,66.335991,124814400.000000
2020-04-24,66.859396,68.260741,66.811154,68.251091,126161200.000000
2020-04-27,67.968880,68.629761,67.522674,68.299324,117087600.000000
2020-04-28,68.760001,68.940897,67.100582,67.192230,112004800.000000
2020-04-29,68.675591,69.867097,68.472988,69.399178,137280800.000000
2020-04-30,69.937031,71.039296,69.548709,70.863220,183064000.000000
2020-05-01,69.042193,72.117435,68.945717,69.722366,240616800.000000
2020-05-04,69.746510,70.836711,69.059101,70.708878,133568000.000000
2020-05-05,71.167130,72.599832,71.022411,71.770119,147751200.000000
2020-05-06,72.469591,73.140114,72.086091,72.510597,142333600.000000
2020-05-07,73.135285,73.605619,72.833791,73.260704,115215200.000000
2020-05-08,73.918536,75.057640,73.592039,75.004433,133838400.000000
2020-05-11,74.513504,76.678043,74.305510,76.184677,145946400.000000
2020-05-12,76.866665,77.316507,75.193079,75.314003,162301200.000000
2020-05-13,75.492981,76.412009,73.330856,74.404663,200622400.000000
2020-05-14,73.645281,74.922240,72.924570,74.861778,158929200.000000
2020-05-15,72.639181,74.465134,72.605319,74.419182,166348400.000000
2020-05-18,75.739689,76.545041,75.050419,76.172592,135178400.000000
2020-05-19,76.189504,77.033552,75.700973,75.732414,101729600.000000
2020-05-20,76.588551,77.275400,76.549854,77.205269,111504800.000000
2020-05-21,77.067437,77.606762,76.392678,76.629692,102688800.000000
2020-05-22,76.368458,77.205259,76.266886,77.123032,81803200.000000
2020-05-26,78.237958,78.416923,76.545019,76.600647,125522000.000000
2020-05-27,76.457968,77.079513,75.720326,76.934402,112945200.000000
2020-05-28,76.610308,78.223440,76.334605,76.968246,133560800.000000
2020-05-29,77.210101,77.669611,76.537763,76.893280,153532400.000000
2020-06-01,76.847318,77.959822,76.716718,77.838898,80791200.000000
2020-06-02,77.572848,78.223420,77.132682,78.199234,87642800.000000
2020-06-03,78.518505,78.890954,77.947739,78.629753,104491200.000000
2020-06-04,78.453204,78.750672,77.580127,77.952576,87560400.000000
2020-06-05,78.201682,80.233207,78.172661,80.172745,137250400.000000
2020-06-08,79.870420,80.680614,79.161806,80.646751,95654400.000000
2020-06-09,80.327545,83.585237,80.296104,83.193443,147712400.000000
2020-06-10,84.139024,85.800521,83.701279,85.333755,166651600.000000
2020-06-11,84.480081,84.903316,81.135320,81.236893,201662400.000000
2020-06-12,83.369970,84.114860,80.830563,81.938225,200146000.000000
2020-06-15,80.595983,83.602157,80.433941,82.951584,138808800.000000
2020-06-16,85.000049,85.420870,83.369993,85.149994,165428800.000000
2020-06-17,85.892459,85.952921,84.910555,85.031479,114406400.000000
2020-06-18,84.987930,85.481302,84.458281,85.065323,96820400.000000
2020-06-19,85.769121,86.233466,83.473975,84.579224,264476000.000000
2020-06-22,84.971019,86.934827,84.925067,86.792137,135445200.000000
2020-06-23,88.032830,90.059522,87.614430,88.644707,212155600.000000
2020-06-24,88.274657,89.191265,86.707477,87.079926,192623200.000000
2020-06-25,87.234713,88.274659,86.477727,88.235962,137522400.000000
2020-06-26,88.131990,88.352073,85.377333,85.524864,205256800.000000
2020-06-29,85.432959,87.590250,84.956517,87.495926,130646000.000000
2020-06-30,87.084763,88.511675,87.065419,88.226288,140223200.000000
2020-07-01,88.303672,88.845410,88.011037,88.059402,110737200.000000
2020-07-02,88.963920,89.597562,87.945741,88.059402,114041600.000000
2020-07-06,89.483906,90.881789,89.452465,90.415024,118655600.000000
2020-07-07,90.792304,91.568635,90.023228,90.134476,112424400.000000
2020-07-08,91.109155,92.265191,91.022086,92.233749,117092000.000000
2020-07-09,93.123721,93.176928,91.585569,92.630356,125642800.000000
2020-07-10,92.226465,92.850438,91.617009,92.792389,90257200.000000
2020-07-13,94.093533,96.695824,92.151491,92.364319,191649200.000000
2020-07-14,91.747613,94.083870,90.816502,93.892815,170989200.000000
2020-07-15,95.762288,96.011392,93.343804,94.538536,153198000.000000
2020-07-16,93.413948,94.228976,92.777886,93.375252,110577600.000000
2020-07-17,93.825098,93.979878,92.715008,93.186615,92186800.000000
2020-07-20,93.273697,95.288292,92.930269,95.150436,90318000.000000
2020-07-21,95.938829,96.013801,93.588062,93.837166,103433200.000000
2020-07-22,93.539709,94.780393,93.452648,94.100800,89001600.000000
2020-07-23,93.834756,93.912149,89.009885,89.817657,197004400.000000
2020-07-24,88.020726,89.938582,86.238297,89.595154,185438800.000000
2020-07-27,90.654443,91.810478,90.431947,91.718575,121214000.000000
2020-07-28,91.290510,91.467062,90.207027,90.211868,103625600.000000
2020-07-29,90.693147,92.124893,90.656871,91.941086,90329200.000000
2020-07-30,91.116373,93.157574,90.710070,93.053581,158130000.000000
2020-07-31,99.530282,102.945179,97.537446,102.795235,374336800.000000
2020-08-03,104.671996,107.997412,104.374528,105.385452,308151200.000000
2020-08-04,105.574080,107.177536,104.853369,106.089218,173071600.000000
2020-08-05,105.811100,106.793004,105.346748,106.473763,121776800.000000
2020-08-06,106.805081,110.681910,106.217391,110.188538,202428800.000000
2020-08-07,109.711246,110.166742,106.888634,107.683327,198045600.000000
2020-08-10,109.124907,110.263646,106.605150,109.248474,212403600.000000
2020-08-11,108.514349,109.011029,105.740189,105.999435,187902400.000000
2020-08-12,107.087307,109.779091,106.893482,109.522270,165598000.000000
2020-08-13,110.898431,112.461169,110.411437,111.460533,210082000.000000
2020-08-14,111.286106,111.450858,109.556191,111.361214,165565200.000000
2020-08-17,112.480562,112.504792,110.445374,111.070465,119561600.000000
2020-08-18,110.823331,112.419985,110.488977,111.995987,105633600.000000
2020-08-19,112.403035,113.546618,112.042033,112.136520,145538000.000000
2020-08-20,112.177704,114.738653,112.160743,114.624779,126907200.000000
2020-08-21,115.581807,121.013829,115.569696,120.531685,338054800.000000
2020-08-24,124.725622,124.810431,120.112531,121.973274,345937600.000000
2020-08-25,120.849073,121.316681,119.254837,120.972633,211495600.000000
2020-08-26,122.285824,123.073248,121.222191,122.617752,163022400.000000
2020-08-27,123.218603,123.550531,120.010751,121.151917,155552400.000000
2020-08-28,122.123471,122.540201,120.732761,120.955666,187630000.000000
2020-08-31,123.642593,126.957042,122.111353,125.057526,225702700.000000
2020-09-01,128.662736,130.639785,126.501563,130.038910,151948100.000000
2020-09-02,133.343669,133.721632,123.080503,127.344704,200119000.000000
2020-09-03,122.993267,124.863696,116.781091,117.149361,257599600.000000
2020-09-04,116.364374,119.882341,107.467689,117.226906,332607200.000000
2020-09-08,110.433235,115.317690,109.202433,109.338112,231366600.000000
2020-09-09,113.641103,115.463080,111.702828,113.699249,176940500.000000
2020-09-10,116.645445,116.781124,109.028020,109.987465,182274400.000000
2020-09-11,111.034118,111.673753,106.605159,108.543434,180860300.000000
2020-09-14,111.179504,112.352160,109.318761,111.799751,140150100.000000
2020-09-15,114.678093,115.162662,110.103761,111.974197,184642000.000000
2020-09-16,111.673775,112.420008,108.582222,108.669441,154679000.000000
2020-09-17,106.333809,108.737267,105.354977,106.934669,178011000.000000
2020-09-18,106.992822,107.458004,102.815833,103.542686,287104900.000000
2020-09-21,101.313669,106.789299,99.918108,106.682693,195713800.000000
2020-09-22,109.202459,109.376904,105.791097,108.359306,183055400.000000
2020-09-23,108.175161,108.650037,103.474837,103.814041,150718700.000000
2020-09-24,101.924216,106.847437,101.759464,104.880089,167743300.000000
2020-09-25,105.083602,108.969847,104.347056,108.814781,149981400.000000
2020-09-28,111.460562,111.760992,109.299381,111.412102,137672400.000000
2020-09-29,111.014757,111.751296,110.064998,110.568947,99382200.000000
2020-09-30,110.278185,113.641094,110.113433,112.235840,142675200.000000
2020-10-01,114.009389,114.086922,112.255252,113.185623,116120400.000000
2020-10-02,109.405982,111.809447,108.756661,109.531967,144712000.000000
2020-10-05,110.394478,113.049913,110.045588,112.904541,106243800.000000
2020-10-06,112.129244,112.536288,108.785722,109.667641,161498200.000000
2020-10-07,111.082586,111.983885,110.607704,111.528389,96849000.000000
2020-10-08,112.662263,112.807635,111.053491,111.421768,83477200.000000
2020-10-09,111.722201,113.389119,111.373311,113.360046,100506900.000000
2020-10-12,116.354691,121.316679,115.598764,120.560753,240226800.000000
2020-10-13,121.403890,121.520189,115.957340,117.362587,262330500.000000
2020-10-14,117.265683,119.233032,115.928275,117.449821,150712000.000000
2020-10-15,115.056045,117.459502,114.503636,116.984627,112559200.000000
2020-10-16,117.537032,117.798704,115.143261,115.346779,115393800.000000
2020-10-19,116.257761,116.703563,112.090473,112.400597,120639300.000000
2020-10-20,112.613817,115.308026,112.061408,113.883392,124423700.000000
2020-10-21,113.069321,115.046363,112.856110,113.263153,89946000.000000
2020-10-22,113.825235,114.397030,111.053500,112.177704,101988000.000000
2020-10-23,112.797959,112.953024,110.753077,111.489624,82572600.000000
2020-10-26,110.491394,112.953005,109.396264,111.499298,111850700.000000
2020-10-27,111.925736,113.660494,111.005058,113.001480,92276800.000000
2020-10-28,111.499298,111.867568,107.671200,107.768112,143937800.000000
2020-10-29,108.902025,113.321291,108.737266,111.760979,146129200.000000
2020-10-30,107.632420,108.533718,104.395504,105.500320,190272600.000000
2020-11-02,105.742635,107.264181,104.007877,105.413124,122866900.000000
2020-11-03,106.275659,108.049176,105.374361,107.031586,107624400.000000
2020-11-04,110.617398,112.022645,108.882640,111.402397,138235500.000000
2020-11-05,114.309798,115.928263,113.263134,115.356468,126387100.000000
2020-11-06,114.866208,115.720518,112.740132,115.225410,114457900.000000
2020-11-09,116.982592,118.429097,112.662491,112.924606,154515300.000000
2020-11-10,112.177078,114.157523,110.798522,112.584816,138023400.000000
2020-11-11,113.769202,116.137973,113.041095,116.002060,112295000.000000
2020-11-12,116.128268,117.011701,115.108915,115.730232,103162300.000000
2020-11-13,115.953532,116.176814,114.429361,115.778786,81581900.000000
2020-11-16,115.448707,117.458283,114.701187,116.788429,91183000.000000
2020-11-17,116.060309,117.147611,115.487527,115.904976,74271000.000000
2020-11-18,115.147773,116.322452,114.555578,114.584702,76322100.000000
2020-11-19,114.157519,115.584611,113.400289,115.176872,74113000.000000
2020-11-20,115.176874,115.303076,113.866282,113.914818,73604300.000000
2020-11-23,113.759509,114.186668,110.429631,110.526711,127959300.000000
2020-11-24,110.584951,112.468317,109.303475,111.808167,113874200.000000
2020-11-25,112.177082,113.342051,111.808169,112.643066,76499200.000000
2020-11-27,113.167301,114.060444,112.827519,113.186714,46691300.000000
2020-11-30,113.555612,117.438851,113.400279,115.574898,169410200.000000
2020-12-01,117.477695,119.865887,116.506886,119.137779,127728200.000000
2020-12-02,118.458203,119.768802,117.361191,119.487267,89004200.000000
2020-12-03,119.914436,120.166849,118.642677,119.351372,78967600.000000
2020-12-04,119.021278,119.273690,117.972801,118.681496,78260400.000000
2020-12-07,118.739757,120.933790,118.681511,120.137726,86712000.000000
2020-12-08,120.739641,121.331836,119.496998,120.749344,82225500.000000
2020-12-09,120.894931,122.273479,117.467974,118.225204,115089200.000000
2020-12-10,116.982569,120.254201,116.642787,119.642586,81312200.000000
2020-12-11,118.856243,119.176612,117.031123,118.836830,86939800.000000
2020-12-14,119.021268,119.749375,117.992212,118.225204,79184500.000000
2020-12-15,120.710488,124.166576,120.506619,124.147156,157243700.000000
2020-12-16,123.690883,124.622852,122.865688,124.079201,98208600.000000
2020-12-17,125.137396,125.797555,124.302499,124.943237,94359800.000000
2020-12-18,125.195634,125.331547,122.438530,122.962769,192541500.000000
2020-12-21,121.370640,124.564605,119.846469,124.486938,121251600.000000
2020-12-22,127.768273,130.486543,125.865479,128.030396,168904800.000000
2020-12-23,128.302245,128.564353,126.962522,127.137276,88223700.000000
2020-12-24,127.486762,129.564295,127.273183,128.117783,54930100.000000
2020-12-28,130.078843,133.331048,129.612844,132.700027,124486200.000000
2020-12-29,134.020273,134.738662,130.418562,130.933090,121047300.000000
2020-12-30,131.622403,132.020439,129.506030,129.816696,96452100.000000
2020-12-31,130.166198,130.806936,127.875086,128.816772,99116600.000000
2021-01-04,129.622513,129.709882,123.059837,125.632484,143301900.000000
2021-01-05,125.127671,127.894485,124.681092,127.185783,97664900.000000
2021-01-06,123.991843,127.224642,122.690954,122.904533,155088000.000000
2021-01-07,124.613141,127.787693,124.127736,127.098412,109578200.000000
2021-01-08,128.564363,128.758537,126.428584,128.195465,105158200.000000
2021-01-11,125.418919,126.370308,124.749058,125.215042,100384500.000000
2021-01-12,124.749075,125.904342,123.156948,125.040321,91951100.000000
2021-01-13,125.001483,127.612964,124.739375,127.069313,88636800.000000
2021-01-14,126.981925,127.176084,125.001464,125.147095,90221800.000000
2021-01-15,125.020861,126.418829,123.292821,123.428734,111598500.000000
2021-01-19,124.050074,124.952935,123.234597,124.098618,90757300.000000
2021-01-20,124.904371,128.622574,124.797581,128.175995,104319500.000000
2021-01-21,129.894302,135.592949,129.690426,132.874680,120150900.000000
2021-01-22,132.301961,135.767759,131.078746,135.010529,114459400.000000
2021-01-25,138.893784,140.854809,132.554382,138.748154,157611700.000000
2021-01-26,139.408314,140.087878,137.243397,138.981155,98390600.000000
2021-01-27,139.243243,140.087858,136.311408,137.913239,140843800.000000
2021-01-28,135.447393,137.845295,132.709703,133.088318,142621100.000000
2021-01-29,131.865123,132.748564,126.409176,128.108093,177523800.000000
2021-02-01,129.845826,131.428251,127.108135,130.224442,106239800.000000
2021-02-02,131.768027,132.331098,130.680724,131.049637,83305400.000000
2021-02-03,131.797124,131.806842,129.709889,130.030258,89880900.000000
2021-02-04,132.321368,133.389250,130.661277,133.379547,84183100.000000
2021-02-05,133.539999,133.608050,132.091326,132.966354,75693800.000000
2021-02-08,132.256589,133.160799,131.177379,133.112183,71297200.000000
2021-02-09,132.830201,134.055258,132.081571,132.237122,76774200.000000
2021-02-10,132.694129,133.189992,130.671826,131.634369,73046600.000000
2021-02-11,132.130191,132.606604,130.059286,131.381561,64280000.000000
2021-02-12,130.623219,131.770479,129.981523,131.614914,60145100.000000
2021-02-16,131.731563,132.237128,129.106448,129.495361,80576300.000000
2021-02-17,127.609133,128.552226,125.878511,127.210503,97918500.000000
2021-02-18,125.616046,126.393857,123.875706,126.111908,96856700.000000
2021-02-19,126.627225,127.084189,125.227168,126.267479,87668800.000000
2021-02-22,124.459052,126.121624,122.115908,122.504814,103916400.000000
2021-02-23,120.326953,123.195118,115.105912,122.368698,158273000.000000
2021-02-24,121.474218,122.077015,118.839393,121.872841,111039900.000000
2021-02-25,121.221448,122.952071,117.196290,117.633804,148199500.000000
2021-02-26,119.189402,121.386713,117.837961,117.896301,164560400.000000
2021-03-01,120.317245,124.381294,119.383875,124.245178,116307900.000000
2021-03-02,124.847969,125.149367,121.542282,121.649231,102260900.000000
2021-03-03,121.347835,122.222870,118.460220,118.674118,112966300.000000
2021-03-04,118.372710,120.171391,115.329538,116.797646,178155000.000000
2021-03-05,117.624067,118.557437,114.308656,118.051857,153766600.000000
2021-03-08,117.575471,117.643529,112.986400,113.132240,154376600.000000
2021-03-09,115.728149,118.674097,115.494808,117.731003,129525800.000000
2021-03-10,118.314382,118.781063,116.136513,116.651817,111943300.000000
2021-03-11,119.140794,119.792207,117.896302,118.576881,103026500.000000
2021-03-12,117.060177,117.808815,115.854576,117.672699,88105100.000000
2021-03-15,118.042141,120.560292,117.079598,120.550568,92403800.000000
2021-03-16,122.213145,123.690985,121.260334,122.086754,115227900.000000
2021-03-17,120.608928,122.368718,118.946356,121.299232,111932600.000000
2021-03-18,119.471372,119.763053,116.982388,117.186562,121229700.000000
2021-03-19,116.574045,118.061602,116.360146,116.661545,185549500.000000
2021-03-22,116.992109,120.433912,116.924051,119.967224,111912300.000000
2021-03-23,119.908887,120.793640,118.751895,119.140800,95467100.000000
2021-03-24,119.413056,119.490839,116.739339,116.758781,88530500.000000
2021-03-25,116.224019,118.285214,115.698998,117.244888,98844700.000000
2021-03-26,117.011535,118.110194,115.621202,117.847679,94071200.000000
2021-03-29,118.275503,119.179705,117.381025,118.022713,80819200.000000
2021-03-30,116.778209,117.060166,115.562884,116.574036,85671900.000000
2021-03-31,118.275497,120.093619,117.789367,118.761627,118323800.000000
2021-04-01,120.229746,120.735319,119.092196,119.588051,75089100.000000
2021-04-05,120.433905,122.660383,119.656094,122.407593,88651200.000000
2021-04-06,122.990948,123.603470,122.164529,122.708992,80171300.000000
2021-04-07,122.339548,124.371569,121.668686,124.352127,83466700.000000
2021-04-08,125.372968,126.773025,124.954903,126.743858,88844600.000000
2021-04-09,126.199408,129.349522,125.878560,129.310638,106686700.000000
2021-04-12,128.843964,129.164812,127.006393,127.599472,91420000.000000
2021-04-13,128.766185,130.924604,128.270322,130.700974,91266500.000000
2021-04-14,131.196804,131.255137,128.007792,128.367523,87222800.000000
2021-04-15,130.107913,131.255173,129.932898,130.769043,89347100.000000
2021-04-16,130.574562,130.934293,129.582852,130.438446,84922400.000000
2021-04-19,129.806516,131.712154,129.641234,131.099625,94264200.000000
2021-04-20,131.274639,131.770487,128.153676,129.417618,94812300.000000
2021-04-21,128.688437,130.039879,127.657843,129.796814,68847100.000000
2021-04-22,129.349522,130.428732,127.764748,128.280045,84566500.000000
2021-04-23,128.493969,131.371852,128.493969,130.594055,78657500.000000
2021-04-26,131.089875,131.313490,129.855100,130.982925,66905100.000000
2021-04-27,131.264891,131.653804,130.389862,130.662094,66015800.000000
2021-04-28,130.584319,131.274630,129.388442,129.874573,107760100.000000
2021-04-29,132.684377,133.267739,128.775886,129.777313,151101000.000000
2021-04-30,128.124485,129.855108,127.434189,127.813370,109839500.000000
2021-05-03,128.377273,130.350976,128.173107,128.863403,75135100.000000
2021-05-04,127.550867,127.842548,123.185411,124.303513,137564700.000000
2021-05-05,125.616055,126.831381,124.420179,124.546577,84000900.000000
2021-05-06,124.342395,126.150800,123.603475,126.141083,78128300.000000
2021-05-07,127.436421,127.835714,126.102151,126.813118,78973300.000000
2021-05-10,126.033961,126.160559,123.501784,123.540741,88071200.000000
2021-05-11,120.278143,122.975876,119.567184,122.625275,126142800.000000
2021-05-12,120.180731,121.388380,119.060731,119.567162,112172300.000000
2021-05-13,121.329945,122.858987,121.018294,121.709770,105861300.000000
2021-05-14,122.956362,124.553577,122.566796,124.125053,81918000.000000
2021-05-17,123.511515,123.618646,121.904559,122.975861,74244600.000000
2021-05-18,123.258299,123.677082,121.524737,121.592911,63342900.000000
2021-05-19,119.947011,121.661091,119.654835,121.437096,92612000.000000
2021-05-20,121.962985,124.388024,121.836372,123.988716,76857100.000000
2021-05-21,124.485433,124.660737,121.943522,122.157784,79295400.000000
2021-05-24,122.722627,124.602277,122.654454,123.784187,63092900.000000
2021-05-25,124.485437,124.972400,123.024569,123.589439,72009500.000000
2021-05-26,123.647872,124.066654,123.121958,123.540741,56575900.000000
2021-05-27,123.141414,124.310105,121.816894,122.011673,94625600.000000
2021-05-28,122.294131,122.518134,121.300744,121.359177,71311100.000000
2021-06-01,121.816906,122.079859,120.706647,121.037773,67637100.000000
2021-06-02,121.037774,121.972729,120.813779,121.797424,59278900.000000
2021-06-03,121.427321,121.592884,119.917755,120.317062,76229200.000000
2021-06-04,120.833270,122.868750,120.619008,122.605789,75169300.000000
2021-06-07,122.878462,123.024550,121.573424,122.615509,71057600.000000
2021-06-08,123.297270,125.108754,122.917444,123.433617,74403800.000000
2021-06-09,123.891353,124.417267,123.219351,123.813438,56877900.000000
2021-06-10,123.706302,124.845784,122.654482,122.820045,71186400.000000
2021-06-11,123.229064,124.115328,122.810282,124.027672,53522400.000000
2021-06-14,124.485440,127.134475,123.755006,127.076042,96906500.000000
2021-06-15,126.550142,127.192927,126.014487,126.257965,62746300.000000
2021-06-16,126.968900,127.475339,125.108740,126.754639,91815000.000000
2021-06-17,126.413792,129.092050,126.267696,128.351868,96721700.000000
2021-06-18,127.300035,128.079152,126.842295,127.056557,108953300.000000
2021-06-21,126.900748,128.955703,125.839187,128.848572,79663300.000000
2021-06-22,128.682983,130.582108,128.186278,130.484711,74783600.000000
2021-06-23,130.280187,130.815841,129.754266,130.212006,60214200.000000
2021-06-24,130.942442,131.127488,129.462092,129.929581,68711000.000000
2021-06-25,129.978311,130.397086,129.345259,129.637436,70783700.000000
2021-06-28,129.929615,131.721610,129.871183,131.263870,62111300.000000
2021-06-29,131.283323,132.929236,130.845066,132.773407,64556100.000000
2021-06-30,132.617595,133.825251,132.325418,133.386993,63261400.000000
2021-07-01,133.036354,133.747306,132.218257,133.688873,52485800.000000
2021-07-02,134.302460,136.347681,134.156379,136.308731,78852600.000000
2021-07-06,136.415877,139.415513,136.415877,138.315002,108181800.000000
2021-07-07,139.795304,141.110091,138.938271,140.798447,104911600.000000
2021-07-08,137.886476,140.301774,137.000213,139.503174,105575500.000000
2021-07-09,139.025923,141.850262,138.928526,141.324356,99890800.000000
2021-07-12,142.395666,142.502797,140.243314,140.730270,76299700.000000
2021-07-13,140.272577,143.613104,139.883018,141.840576,100827100.000000
2021-07-14,144.236392,145.668044,143.827335,145.258987,127050800.000000
2021-07-15,145.346643,146.086811,143.252723,144.606461,106820300.000000
2021-07-16,144.586989,145.853063,142.074294,142.570984,93251400.000000
2021-07-19,139.999853,140.311512,137.974114,138.733765,121434600.000000
2021-07-20,139.717409,143.262447,139.230453,142.337219,96350000.000000
2021-07-21,141.733348,142.317701,140.856834,141.606735,74993500.000000
2021-07-22,142.132711,144.333747,142.006098,142.970276,77338200.000000
2021-07-23,143.700711,144.840186,143.087142,144.684357,71447400.000000
2021-07-26,144.401916,145.921217,143.846780,145.103134,72434100.000000
2021-07-27,145.229739,145.317403,141.752882,142.941055,104818600.000000
2021-07-28,141.032175,143.135829,138.821391,141.197739,118931200.000000
2021-07-29,140.915363,142.726840,140.808232,141.840576,56699500.000000
2021-07-30,140.613409,142.512534,140.350448,142.054794,70440600.000000
2021-08-02,142.541776,143.116381,141.460733,141.723694,62880000.000000
2021-08-03,142.006089,144.177908,141.392520,143.515656,64786600.000000
2021-08-04,143.428038,143.934461,142.463859,143.116379,56368300.000000
2021-08-05,143.145565,143.983130,142.356699,143.223480,46397700.000000
2021-08-06,142.745591,143.486868,142.043322,142.540756,54126800.000000
2021-08-09,142.599250,143.086936,141.936005,142.491959,48908700.000000
2021-08-10,142.833316,144.072041,141.721393,142.014008,69023100.000000
2021-08-11,142.452947,143.106444,141.945750,142.267624,48493500.000000
2021-08-12,142.589508,145.379070,142.248122,145.223007,72282600.000000
2021-08-13,145.301023,145.759449,144.618266,145.427826,59375000.000000
2021-08-16,144.881642,147.466385,142.862631,147.398102,103296000.000000
2021-08-17,146.530021,147.944306,145.418098,146.491013,92229700.000000
2021-08-18,146.110589,147.007929,142.550476,142.755310,86326000.000000
2021-08-19,141.458061,144.354915,140.941116,143.086929,86960300.000000
2021-08-20,143.808724,144.842615,143.164976,144.540253,60549600.000000
2021-08-23,144.657283,146.490986,144.247629,146.022812,60131800.000000
2021-08-24,145.769217,147.144494,145.476602,145.935028,48606400.000000
2021-08-25,146.120371,146.617819,144.159880,144.706085,58991300.000000
2021-08-26,144.696328,145.447354,143.877005,143.906265,48597200.000000
2021-08-27,143.847744,145.086470,143.213759,144.940170,55802400.000000
2021-08-30,145.330292,149.709713,144.949898,149.348816,90956700.000000
2021-08-31,148.900121,149.036672,147.563852,148.090561,86453100.000000
2021-09-01,149.065956,151.162998,148.588019,148.753830,80313700.000000
2021-09-02,150.080336,150.909407,148.646539,149.865753,71115500.000000
2021-09-03,149.973032,150.821615,149.319535,150.499741,57808700.000000
2021-09-07,151.153278,153.386871,150.587561,152.830917,82278300.000000
2021-09-08,153.113780,153.172300,150.187666,151.289841,74420200.000000
2021-09-09,151.660492,152.265218,150.158412,150.275467,57305700.000000
2021-09-10,151.182559,151.650733,145.037717,145.301071,140893200.000000
2021-09-13,146.920148,147.690684,145.086445,145.866745,102404300.000000
2021-09-14,146.647089,147.349358,143.291809,144.472000,109296300.000000
2021-09-15,144.901163,145.759494,142.765097,145.359589,83281300.000000
2021-09-16,144.784072,145.301017,143.594118,145.125443,68034100.000000
2021-09-17,145.154757,145.154757,142.170108,142.462723,129868800.000000
2021-09-20,140.258360,141.272739,137.790673,139.419540,123478900.000000
2021-09-21,140.385177,141.038689,139.263506,139.897491,75834000.000000
2021-09-22,140.892375,142.823606,140.160847,142.257904,76404300.000000
2021-09-23,143.038186,143.457603,142.053066,143.213760,64838200.000000
2021-09-24,142.072551,143.837971,141.975008,143.301514,53477900.000000
2021-09-27,141.887277,142.365214,140.277920,141.789734,74150700.000000
2021-09-28,139.721926,141.184983,138.200349,138.414932,108972300.000000
2021-09-29,138.961122,140.892352,138.531956,139.312256,74602000.000000
2021-09-30,140.121820,140.824088,137.800432,138.015015,89056700.000000
2021-10-01,138.405130,139.400012,135.683851,139.136658,94639600.000000
2021-10-04,138.268587,138.707516,134.864552,135.713120,98322000.000000
2021-10-05,136.054502,138.736772,135.927699,137.634598,80861100.000000
2021-10-06,136.034998,138.648985,134.962084,138.502686,83221100.000000
2021-10-07,139.536564,140.667997,139.204941,139.760895,61732700.000000
2021-10-08,140.482729,140.629028,139.048932,139.380554,58773200.000000
2021-10-11,138.766046,141.243482,138.317369,139.292740,64452200.000000
2021-10-12,139.702374,139.721885,137.566309,138.024734,73035900.000000
2021-10-13,137.761434,137.917482,135.771669,137.439560,78762700.000000
2021-10-14,138.610019,140.336430,138.024790,140.219376,69907100.000000
2021-10-15,140.229142,141.331301,139.975536,141.272781,67940300.000000
2021-10-18,139.917002,143.223510,139.634151,142.940659,85589200.000000
2021-10-19,143.389307,145.496112,142.940645,145.096207,76378900.000000
2021-10-20,145.037672,146.061815,144.471955,145.583878,58418800.000000
2021-10-21,145.144965,145.954525,144.228114,145.798462,61421000.000000
2021-10-22,146.003325,146.481248,144.979183,145.027954,58883400.000000
2021-10-25,145.018150,145.691158,143.984259,144.979141,50720600.000000
2021-10-26,145.652143,147.124948,145.340018,145.642395,60893400.000000
2021-10-27,145.681440,146.042322,144.832872,145.184006,56094900.000000
2021-10-28,146.130122,149.397607,146.032579,148.812393,100077900.000000
2021-10-29,143.594136,146.247147,142.804088,146.110596,124953200.000000
2021-11-01,145.320565,146.013071,144.159871,145.291306,74588300.000000
2021-11-02,144.998705,147.837039,144.988942,146.325211,69122000.000000
2021-11-03,146.686058,148.227146,146.130104,147.758972,54511500.000000
2021-11-04,147.846760,148.675817,146.929909,147.242035,60394600.000000
2021-11-05,148.365331,148.668135,146.577795,147.769485,65463900.000000
2021-11-08,147.896467,148.052757,146.675473,146.948975,55020900.000000
2021-11-09,146.714564,147.916018,146.577814,147.310410,56787900.000000
2021-11-10,146.538701,146.646149,144.419059,144.487427,65187100.000000
2021-11-11,145.503316,145.962396,144.253005,144.438599,41000000.000000
2021-11-12,144.985618,146.909904,144.057666,146.509430,63804000.000000
2021-11-15,146.880590,148.355559,145.962400,146.519180,59222800.000000
2021-11-16,146.460587,147.974622,145.874504,147.495987,59256200.000000
2021-11-17,147.496014,151.403193,147.486251,149.928238,88807000.000000
2021-11-18,150.143119,154.988012,149.498431,154.206573,137827700.000000
2021-11-19,153.991643,157.283451,152.897638,156.824356,117305600.000000
2021-11-22,157.928197,161.854917,157.263983,157.283524,117467900.000000
2021-11-23,157.381104,158.045332,155.368910,157.664383,96041900.000000
2021-11-24,157.019771,158.377515,155.935528,158.182159,69463600.000000
2021-11-26,155.867120,156.726690,152.731603,153.171158,76959800.000000
2021-11-29,155.671754,157.449528,155.105212,156.521576,88748200.000000
2021-11-30,156.277365,161.679038,156.208982,161.464142,174048100.000000
2021-12-01,163.593609,166.348177,160.712067,160.946503,152052500.000000
2021-12-02,155.056357,160.389646,154.138168,159.959854,136739200.000000
2021-12-03,160.213893,161.132083,156.013672,158.084473,118023100.000000
2021-12-06,160.477607,163.984311,160.467844,161.483719,107497000.000000
2021-12-07,165.156428,167.598414,164.433594,167.207687,120405400.000000
2021-12-08,168.135686,171.876811,166.738861,171.017227,116998900.000000
2021-12-09,170.851146,172.648445,169.884114,170.509262,108923700.000000
2021-12-10,171.144227,175.461658,170.636290,175.285828,115402700.000000
2021-12-13,176.917025,177.903597,171.456747,171.661880,153237000.000000
2021-12-14,171.183256,173.615480,168.213807,170.284607,139380400.000000
2021-12-15,171.046555,175.334684,168.311526,175.139328,131063300.000000
2021-12-16,175.119737,176.936575,166.787680,168.262634,150185800.000000
2021-12-17,165.986682,169.444543,165.752261,167.168610,195432700.000000
2021-12-20,164.374978,166.621609,163.574014,165.810867,107499100.000000
2021-12-21,167.578899,169.180842,165.195518,168.975723,91185900.000000
2021-12-22,169.024552,171.779120,168.155205,171.564224,92135300.000000
2021-12-23,171.769332,172.746126,171.202789,172.189346,68356600.000000
2021-12-27,172.980566,176.233294,172.961040,176.145386,74919600.000000
2021-12-28,175.979353,177.122202,174.387173,175.129532,79144300.000000
2021-12-29,175.168610,176.438446,174.006222,175.217453,62348900.000000
2021-12-30,175.305337,176.379818,173.957356,174.064804,59773000.000000
2021-12-31,173.957355,175.070900,173.146614,173.449432,64062300.000000
2022-01-03,173.703427,178.636244,173.586217,177.786423,104487900.000000
2022-01-04,178.391953,178.694757,174.963395,175.529938,99310400.000000
2022-01-05,175.442085,175.989088,170.587415,170.860916,94537600.000000
2022-01-06,168.692436,171.232108,167.657036,168.008682,96904000.000000
2022-01-07,168.878052,170.099046,167.061213,168.174759,86709100.000000
2022-01-10,165.156413,168.497048,164.267526,168.194244,106765600.000000
2022-01-11,168.321279,171.114898,166.856087,171.017227,76138300.000000
2022-01-12,172.033062,173.068462,170.763241,171.456757,74805200.000000
2022-01-13,171.700933,172.521437,167.803518,168.194244,84505800.000000
2022-01-14,167.364013,169.747395,167.119814,169.053879,80440800.000000
2022-01-18,167.530036,168.536134,165.478777,165.859726,90956700.000000
2022-01-19,166.055110,167.110050,162.089325,162.372589,94815000.000000
2022-01-20,163.105174,165.742516,160.370146,160.692490,91420500.000000
2022-01-21,160.604541,162.470222,158.533742,158.641190,122848900.000000
2022-01-24,156.306705,158.533796,151.110150,157.869568,162294600.000000
2022-01-25,155.290781,158.983063,153.376272,156.072220,115798400.000000
2022-01-26,159.705914,160.575261,154.157728,155.984329,108275300.000000
2022-01-27,158.680280,160.038024,154.607049,155.525238,121954600.000000
2022-01-28,161.864640,166.396966,159.022164,166.377426,179935700.000000
2022-01-31,166.211395,170.939078,165.576470,170.724182,115541600.000000
2022-02-01,169.972038,170.782779,168.311490,170.558121,86213900.000000
2022-02-02,170.694834,171.798617,169.307788,171.759537,84914300.000000
2022-02-03,170.431140,172.150308,168.125903,168.887802,89418100.000000
2022-02-04,167.909788,170.276656,166.931748,168.604202,82465400.000000
2022-02-07,169.063872,170.129932,167.195814,167.890228,77251200.000000
2022-02-08,167.958643,171.499155,167.665228,170.990570,74829200.000000
2022-02-09,172.183777,172.770592,171.059023,172.408722,71285000.000000
2022-02-10,170.315731,171.626300,167.782613,168.340088,90865900.000000
2022-02-11,168.545444,169.278973,164.349648,164.936478,98670700.000000
2022-02-14,163.694431,165.855904,162.902222,165.171280,86185500.000000
2022-02-15,167.215368,169.151882,166.511179,168.995392,62527400.000000
2022-02-16,168.076026,169.533295,166.315553,168.760651,61177400.000000
2022-02-17,167.274058,168.134738,164.770280,165.171280,69589300.000000
2022-02-18,166.090640,166.794814,162.540352,163.625977,82772700.000000
2022-02-22,161.356905,163.029359,158.589052,160.711411,91162800.000000
2022-02-23,161.904578,162.501182,156.241738,156.554718,90009200.000000
2022-02-24,149.229197,159.273662,148.661932,159.166077,141147500.000000
2022-02-25,160.241907,161.493796,157.337130,161.229736,91974200.000000
2022-02-28,159.479092,161.787265,158.862923,161.493851,95056600.000000
2022-03-01,161.083041,162.941324,158.412998,159.615982,83474400.000000
2022-03-02,160.779803,163.684579,159.371425,162.902145,79724800.000000
2022-03-03,164.770266,165.200605,161.914393,162.579453,76678400.000000
2022-03-04,160.877674,161.914393,158.540160,159.586655,83737200.000000
2022-03-07,159.772488,161.396037,155.547351,155.801651,96418800.000000
2022-03-08,155.332197,159.303034,152.378514,153.982498,131148300.000000
2022-03-09,157.933787,159.821410,155.909253,159.371506,91454900.000000
2022-03-10,156.681856,156.867686,152.554530,155.038757,105342000.000000
2022-03-11,155.439747,155.782066,151.107041,151.331985,96970100.000000
2022-03-14,148.123999,150.735362,146.803656,147.312225,108732100.000000
2022-03-15,147.586081,152.153536,147.077511,151.684067,92964300.000000
2022-03-16,153.601068,156.486281,151.067950,156.085281,102300200.000000
2022-03-17,155.126783,157.464296,154.168309,157.092636,75615400.000000
2022-03-18,156.985063,160.867880,156.251534,160.378860,123511700.000000
2022-03-21,159.919150,162.696792,159.430130,161.748093,95811400.000000
2022-03-22,161.875242,165.699379,161.288428,165.112564,81532000.000000
2022-03-23,164.300828,168.848705,163.968283,166.472076,98062700.000000
2022-03-24,167.303362,170.315724,166.472037,170.247269,90131400.000000
2022-03-25,170.061446,171.430695,168.956257,170.882996,80546200.000000
2022-03-28,168.389001,171.870818,168.222736,171.743683,90371900.000000
2022-03-29,172.809769,175.078813,172.467449,175.029922,100589400.000000
2022-03-30,174.628851,175.665570,172.819473,173.865982,92633200.000000
2022-03-31,173.934499,174.120329,170.570042,170.775436,103049300.000000
2022-04-01,170.208160,171.039499,168.164062,170.482010,78751300.000000
2022-04-04,170.736325,174.570237,170.609175,174.521332,76468400.000000
2022-04-05,173.601995,174.384429,170.589632,171.215576,73401800.000000
2022-04-06,168.574832,169.816946,166.393809,168.056473,89058800.000000
2022-04-07,167.401206,169.552889,166.119977,168.359680,77594700.000000
2022-04-08,168.007564,168.007564,165.484221,166.354675,76575500.000000
2022-04-11,165.004988,165.317952,161.865476,162.109985,72246700.000000
2022-04-12,164.330137,166.139501,162.980439,163.978043,79265200.000000
2022-04-13,163.713975,167.283812,163.107595,166.657867,70618900.000000
2022-04-14,166.873030,167.508765,161.415570,161.660080,75329400.000000
2022-04-18,160.320147,162.941299,159.977842,161.444901,69023900.000000
2022-04-19,161.396047,164.134560,160.310423,163.723770,67723800.000000
2022-04-20,165.053940,165.171315,162.452366,163.557541,67929800.000000
2022-04-21,165.200597,167.763055,162.266479,162.765274,87227800.000000
2022-04-22,162.804426,164.183450,157.953344,158.236969,84882400.000000
2022-04-25,157.581651,159.586634,154.980078,159.303009,96046400.000000
2022-04-26,158.686879,158.774899,153.278322,153.356567,95623200.000000
2022-04-27,152.486082,156.280864,151.967723,153.131592,88063200.000000
2022-04-28,155.752720,160.906990,155.439740,160.046310,130216800.000000
2022-04-29,158.285853,162.550104,153.796657,154.187866,131747600.000000
2022-05-02,153.268540,154.755149,149.904082,154.491089,123055300.000000
2022-05-03,154.676913,157.180706,152.887114,155.977707,88966500.000000
2022-05-04,156.163514,162.823959,155.762515,162.374069,108256500.000000
2022-05-05,160.251729,160.476674,151.547171,153.327209,130525300.000000
2022-05-06,152.808063,156.167674,151.015620,154.052002,116124600.000000
2022-05-09,151.750255,152.631793,148.380869,148.939163,131577900.000000
2022-05-10,152.328117,153.523079,149.791263,151.338837,115366700.000000
2022-05-11,150.349573,152.259548,142.817399,143.493240,142689800.000000
2022-05-12,139.839821,143.199418,135.951300,139.634125,182602000.000000
2022-05-13,141.622460,145.060431,140.172839,144.090744,113990900.000000
2022-05-16,142.562783,144.492352,141.220890,142.552979,86643800.000000
2022-05-17,145.804827,146.696154,143.669561,146.177032,78336300.000000
2022-05-18,143.836112,144.335640,137.028739,137.929871,109742900.000000
2022-05-19,137.009125,138.752591,133.796445,134.531052,136095600.000000
2022-05-20,136.235343,137.812300,129.888341,134.766129,137426100.000000
2022-05-23,134.962031,140.319767,134.824904,140.172852,117726300.000000
2022-05-24,137.920025,139.056220,134.511452,137.479263,104132700.000000
2022-05-25,135.588870,138.879910,135.500721,137.635986,92482700.000000
2022-05-26,134.570219,141.377575,134.325350,140.829071,90601500.000000
2022-05-27,142.406028,146.607974,142.278692,146.568802,90978500.000000
2022-05-31,146.010523,147.567886,143.826280,145.785233,103718400.000000
2022-06-01,146.823477,148.625725,144.649039,145.657913,74286600.000000
2022-06-02,144.795949,148.165349,143.845856,148.106583,72348100.000000
2022-06-03,143.885033,144.933080,141.495124,142.396240,88570300.000000
2022-06-06,144.012404,145.520806,141.926115,143.140671,71598400.000000
2022-06-07,141.387396,145.941955,141.142527,145.657913,67808200.000000
2022-06-08,145.530564,146.794082,144.433556,144.923294,53950200.000000
2022-06-09,144.061371,144.913510,139.604751,139.712494,69473000.000000
2022-06-10,137.400926,137.871071,134.247012,134.315582,91437900.000000
2022-06-13,130.142981,132.425162,128.742337,129.173309,122207100.000000
2022-06-14,130.397664,131.142061,128.781520,130.035248,84784300.000000
2022-06-15,131.533834,134.521239,129.447560,132.650436,91533000.000000
2022-06-16,129.369201,129.672837,126.391586,127.390656,108123900.000000
2022-06-17,127.400499,130.348717,127.145825,128.859909,134520300.000000
2022-06-21,130.681707,134.247000,130.583769,133.081421,81000500.000000
2022-06-22,132.023594,134.932639,131.161665,132.572113,73409200.000000
2022-06-23,134.011937,135.745599,132.846358,135.432175,72433800.000000
2022-06-24,137.028691,138.997448,136.901370,138.752579,89116800.000000
2022-06-27,139.771227,140.545022,138.076738,138.752579,70207900.000000
2022-06-28,139.212884,140.476401,134.501608,134.619141,67083400.000000
2022-06-29,134.638790,137.782900,133.864995,136.372452,66242400.000000
2022-06-30,134.433123,135.530131,131.024549,133.914001,98964500.000000
2022-07-01,133.247943,136.186372,132.875752,136.078629,71051600.000000
2022-07-05,134.942425,138.703609,134.119654,138.654633,73353800.000000
2022-07-06,138.448955,141.162093,138.184492,139.986725,74064300.000000
2022-07-07,140.349179,143.542282,140.339390,143.346390,66253700.000000
2022-07-08,142.278705,144.521713,142.024046,144.022171,64547800.000000
2022-07-11,142.680282,143.630375,140.829073,141.896698,63141600.000000
2022-07-12,142.768456,145.403249,142.073036,142.866409,77588800.000000
2022-07-13,140.055307,143.444287,139.203153,142.503998,71185600.000000
2022-07-14,141.122892,145.892935,140.309925,145.422791,78140700.000000
2022-07-15,146.705972,147.763808,145.158397,147.087967,76259900.000000
2022-07-18,147.646251,148.459218,143.689158,144.051575,81420900.000000
2022-07-19,144.884106,148.126169,143.894840,147.900894,82982400.000000
2022-07-20,148.018440,150.565084,147.283833,149.899033,64823400.000000
2022-07-21,151.329060,152.377107,148.821604,152.161621,65086600.000000
2022-07-22,152.200797,153.072530,150.261438,150.927475,66675400.000000
2022-07-25,150.849110,151.857969,149.154620,149.810867,53623900.000000
2022-07-26,149.135014,149.947981,147.704987,148.488571,55138700.000000
2022-07-27,149.448466,154.100977,149.037088,153.572052,78620700.000000
2022-07-28,153.758159,154.404616,151.240913,154.120575,81378700.000000
2022-07-29,157.930743,160.271691,156.226449,159.174667,101786900.000000
2022-08-01,157.705452,160.232503,157.587920,158.195190,67829400.000000
2022-08-02,156.814116,159.076704,156.353761,156.725952,59907000.000000
2022-08-03,157.538945,163.170933,157.450796,162.720383,82507500.000000
2022-08-04,162.602844,163.758634,161.055270,162.406952,55474100.000000
2022-08-05,160.082361,162.671769,159.876379,162.181351,56697000.000000
2022-08-08,163.181811,164.594219,161.053397,161.710556,60276900.000000
2022-08-09,160.876851,162.642360,160.121602,161.759598,63135500.000000
2022-08-10,164.466678,166.094870,163.701627,165.996796,70170500.000000
2022-08-11,166.801091,167.713276,164.966931,165.261185,57149200.000000
2022-08-12,166.565665,168.870622,166.153701,168.801971,68039400.000000
2022-08-15,168.233114,170.067273,168.066373,169.871109,54091700.000000
2022-08-16,169.468978,170.381164,168.370446,169.714188,56377100.000000
2022-08-17,169.459190,172.774408,169.263025,171.205078,79542000.000000
2022-08-18,170.420400,171.548357,169.802468,170.812729,62290100.000000
2022-08-19,169.714197,170.410598,168.027157,168.233139,70346300.000000
2022-08-22,166.438210,166.604951,163.937073,164.358841,69026800.000000
2022-08-23,163.878225,165.476994,163.456458,164.025345,54147100.000000
2022-08-24,164.113567,164.888421,163.064065,164.319534,53841500.000000
2022-08-25,165.545622,166.879560,165.123869,166.771667,51218200.000000
2022-08-26,167.301276,167.772074,160.425604,160.484451,78961000.000000
2022-08-29,158.061857,159.778322,156.757357,158.287460,73314000.000000
2022-08-30,159.023072,159.444825,154.697578,155.864777,77906200.000000
2022-08-31,157.237920,157.502750,154.128669,154.207138,87991100.000000
2022-09-01,153.638272,155.384160,151.706022,154.932983,74229900.000000
2022-09-02,156.688672,157.286983,152.000274,152.824173,76957800.000000
2022-09-06,153.471490,154.079604,150.744765,151.568665,73714800.000000
2022-09-07,151.853145,153.667684,150.666326,152.971298,87449600.000000
2022-09-08,151.676559,153.363599,149.754112,151.500015,84923800.000000
2022-09-09,152.490695,154.795667,151.784491,154.354279,68028800.000000
2022-09-12,156.531687,161.112192,156.247251,160.298096,104956000.000000
2022-09-13,156.835774,157.463509,150.430912,150.891907,122656600.000000
2022-09-14,151.823701,154.089446,150.666321,152.333740,87965400.000000
2022-09-15,151.686395,152.265100,148.479070,149.450089,90481100.000000
2022-09-16,148.312294,148.449610,145.526707,147.812057,162278800.000000
2022-09-19,146.448729,151.598122,146.242762,151.519653,81474200.000000
2022-09-20,150.460336,155.050660,150.146477,153.893265,107689800.000000
2022-09-21,154.324824,155.698004,150.656505,150.774200,101696800.000000
2022-09-22,149.459856,151.509801,148.018025,149.812958,86652500.000000
2022-09-23,148.292702,148.567335,145.713097,147.547256,96029900.000000
2022-09-26,146.792008,150.823247,146.772387,147.880737,93339400.000000
2022-09-27,149.813007,151.755059,147.076464,148.851776,84442700.000000
2022-09-28,144.810744,147.753255,142.064398,146.968582,146691400.000000
2022-09-29,143.300242,143.908356,137.984094,139.749603,128138200.000000
2022-09-30,138.572584,140.357713,135.355441,135.551605,124925300.000000
2022-10-03,135.561461,140.328329,135.051422,139.720200,114311700.000000
2022-10-04,142.250745,143.417943,141.495496,143.300247,87830100.000000
2022-10-05,141.309131,144.555698,140.269432,143.594467,79471000.000000
2022-10-06,143.015774,144.712617,142.437084,142.643051,68402200.000000
2022-10-07,139.808473,140.357754,136.777691,137.405426,85925600.000000
2022-10-10,137.729080,139.170911,135.914541,137.729080,74899000.000000
2022-10-11,137.219049,138.641274,135.571250,136.316681,77033700.000000
2022-10-12,136.463819,137.670244,135.512406,135.688950,70433700.000000
2022-10-13,132.403154,140.838340,131.795025,140.249847,113224000.000000
2022-10-14,141.544582,141.750564,135.541864,135.728226,88598000.000000
2022-10-17,138.366636,140.161554,137.581964,139.680954,85250900.000000
2022-10-18,142.701962,143.888766,137.915473,140.995300,99136600.000000
2022-10-19,138.974736,142.172258,138.788375,141.103149,61758300.000000
2022-10-20,140.279246,143.094242,139.916326,140.642151,64522000.000000
2022-10-21,140.132125,145.016702,139.916340,144.447815,86548600.000000
2022-10-24,144.369329,147.351065,143.202131,146.586014,75981900.000000
2022-10-25,147.213772,149.567789,146.497765,149.420654,74732300.000000
2022-10-26,148.067139,149.077400,145.203082,146.487991,88194300.000000
2022-10-27,145.232486,146.193702,141.367988,142.025146,109180200.000000
2022-10-28,145.360006,154.481791,144.987298,152.755524,164762400.000000
2022-10-31,150.224961,151.284267,149.008718,150.401505,97943200.000000
2022-11-01,152.108176,152.471081,146.272200,147.763062,80379300.000000
2022-11-02,146.095641,149.253937,142.221339,142.250763,93604600.000000
2022-11-03,139.337666,140.063491,136.091099,136.218613,97918500.000000
2022-11-04,139.598271,140.168102,132.023484,135.953339,140814800.000000
2022-11-07,134.705599,136.709819,133.290849,136.483856,83374600.000000
2022-11-08,137.947726,138.949828,135.078934,137.053680,89908500.000000
2022-11-09,136.071231,136.120357,132.229794,132.504883,74917800.000000
2022-11-10,138.763203,144.294464,137.053710,144.294464,118854000.000000
2022-11-11,143.262895,147.379406,141.838310,147.074844,93979700.000000
2022-11-14,146.357605,147.644630,144.844603,145.679703,73374100.000000
2022-11-15,149.550623,150.896593,145.954802,147.408844,89868300.000000
2022-11-16,146.514820,147.241833,144.707075,146.180771,64218300.000000
2022-11-17,143.862157,148.823602,143.587068,148.076935,80389400.000000
2022-11-18,149.639050,150.022210,147.340088,148.636932,74829600.000000
2022-11-21,147.526796,147.733105,145.129582,145.414490,58724100.000000
2022-11-22,145.532348,147.782183,144.353380,147.546387,51804100.000000
2022-11-23,146.829190,149.167459,146.721119,148.420792,58301400.000000
2022-11-25,145.709231,146.269243,144.540096,145.512741,35195900.000000
2022-11-28,142.594798,144.068494,140.865667,141.690933,69246000.000000
2022-11-29,141.759694,142.270580,137.888800,138.694412,83763800.000000
2022-11-30,138.920387,146.112030,138.085302,145.434128,111380900.000000
2022-12-01,145.610976,146.514841,144.039028,145.709213,71250400.000000
2022-12-02,143.400438,145.404658,143.095861,145.217987,65447400.000000
2022-12-05,145.178647,148.273402,143.213720,144.058640,68826400.000000
2022-12-06,144.490937,144.716900,139.431240,140.403885,64727200.000000
2022-12-07,139.696525,140.855825,137.544926,138.468445,69721100.000000
2022-12-08,139.863575,141.003237,138.625676,140.148483,62128300.000000
2022-12-09,139.843890,143.017258,138.429139,139.667053,76097000.000000
2022-12-12,140.197589,141.966027,138.586348,141.956207,70462700.000000
2022-12-13,146.878334,147.340093,141.710580,142.919006,93886200.000000
2022-12-14,142.801126,144.088151,138.684600,140.698654,82291200.000000
2022-12-15,138.635435,139.313337,133.644518,134.106277,98931900.000000
2022-12-16,134.292963,135.236119,131.384864,132.151184,160156900.000000
2022-12-19,132.740677,132.829096,129.017146,130.048721,79592600.000000
2022-12-20,129.085935,130.913318,127.612239,129.979980,77432800.000000
2022-12-21,130.648020,134.410858,130.422058,133.074707,85928000.000000
2022-12-22,131.994027,132.200336,128.015046,129.911194,77852100.000000
2022-12-23,128.624135,130.097830,127.366583,129.547653,63814900.000000
2022-12-27,129.076103,129.105576,126.462746,127.749771,69007800.000000
2022-12-28,127.396068,128.732219,123.662710,123.829727,85438400.000000
2022-12-29,125.745556,128.191889,125.490121,127.337151,75703700.000000
2022-12-30,126.158186,127.671173,125.195368,127.651520,77034200.000000
2023-01-03,127.995391,128.604513,121.992536,122.876755,112117500.000000
2023-01-04,124.664809,126.403773,122.886552,124.144104,89113600.000000
2023-01-05,124.900628,125.529405,122.572194,122.827629,80962700.000000
2023-01-06,123.800274,128.005211,122.699912,127.346962,87754700.000000
2023-01-09,128.182064,131.070510,127.612233,127.867668,70790800.000000
2023-01-10,127.975726,128.958189,125.873254,128.437485,63896200.000000
2023-01-11,128.948369,131.168732,128.172230,131.149094,69458900.000000
2023-01-12,131.532270,131.905596,129.135056,131.070511,71379600.000000
2023-01-13,129.714743,132.554064,129.351236,132.396866,57809700.000000
2023-01-17,132.465586,134.882439,131.777865,133.556122,63646600.000000
2023-01-18,134.420680,136.179283,132.662062,132.838913,69672800.000000
2023-01-19,131.728754,133.860699,131.424192,132.897888,58280400.000000
2023-01-20,132.907708,135.599664,131.866299,135.452286,80223600.000000
2023-01-23,135.697880,140.806704,135.481737,138.635452,81760300.000000
2023-01-24,137.849478,140.649505,137.839658,140.030548,66435100.000000
2023-01-25,138.419308,139.932296,136.375782,139.372299,65799300.000000
2023-01-26,140.659346,141.720409,139.411613,141.435501,54105100.000000
2023-01-27,140.649527,144.648147,140.570928,143.370941,70555800.000000
2023-01-30,142.417945,142.997595,140.344946,140.492310,64015300.000000
2023-01-31,140.197606,141.808846,139.784973,141.759720,65874500.000000
2023-02-01,141.445311,144.039015,138.841788,142.879700,77663600.000000
2023-02-02,146.288858,148.528874,145.571663,148.175201,118339000.000000
2023-02-03,145.434108,154.620150,145.237618,151.790649,154357300.000000
2023-02-06,149.894495,150.415199,148.135876,149.069214,69858300.000000
2023-02-07,147.998330,152.507834,147.998330,151.938004,83322600.000000
2023-02-08,151.181541,151.869263,148.519057,149.255905,64120100.000000
2023-02-09,151.083246,151.623604,147.782168,148.224274,56007100.000000
2023-02-10,147.063202,148.913043,146.827045,148.588333,57450700.000000
2023-02-13,148.529339,151.786257,148.499821,151.382843,62199000.000000
2023-02-14,149.680558,151.304107,148.440769,150.743240,61707600.000000
2023-02-15,150.654695,153.006368,150.428388,152.839096,65573800.000000
2023-02-16,151.048282,153.823067,150.890859,151.245087,68167900.000000
2023-02-17,149.906894,150.546464,148.430948,150.103683,59144100.000000
2023-02-21,147.791357,148.873723,146.030068,146.098938,58867200.000000
2023-02-22,146.482682,147.545365,144.800112,146.522049,51011300.000000
2023-02-23,147.683118,147.929109,144.878831,147.004181,48394200.000000
2023-02-24,144.750910,144.829629,143.383201,144.357330,55469600.000000
2023-02-27,145.341334,146.777913,145.085494,145.547958,44998500.000000
2023-02-28,144.691869,146.689314,144.475396,145.046097,50547000.000000
2023-03-01,144.475427,144.869006,142.684605,142.979797,55479000.000000
2023-03-02,142.064712,144.357349,141.592398,143.570175,52238100.000000
2023-03-03,145.666005,148.686782,144.967399,148.608063,70732300.000000
2023-03-06,151.323807,153.793567,150.999113,151.363174,87558000.000000
2023-03-07,151.235214,151.559924,148.706435,149.168900,56182000.000000
2023-03-08,150.359528,151.008948,149.395248,150.418564,47204800.000000
2023-03-09,151.097468,152.061748,147.820867,148.175095,53833600.000000
2023-03-10,147.801222,148.519511,145.242910,146.118637,68572400.000000
2023-03-13,145.439690,150.684219,145.331453,148.057037,84457100.000000
2023-03-14,148.854031,150.940029,147.692961,150.143021,73695900.000000
2023-03-15,148.765468,150.792431,147.515830,150.536606,77167900.000000
2023-03-16,149.719970,153.951018,149.208304,153.350800,76161100.000000
2023-03-17,153.577072,154.226491,151.805934,152.514389,98944600.000000
2023-03-20,152.583278,155.289178,151.678018,154.875900,73641400.000000
2023-03-21,154.797178,156.843809,154.029673,156.725739,73938300.000000
2023-03-22,156.745455,159.539909,155.279343,155.299026,75701800.000000
2023-03-23,156.282976,158.959358,155.151408,156.381363,67622100.000000
2023-03-24,156.312467,157.768729,155.318669,157.680176,59196500.000000
2023-03-27,157.375190,158.191882,155.338377,155.741806,52390300.000000
2023-03-28,155.436748,155.948413,153.478654,155.121872,45992200.000000
2023-03-29,156.814291,158.467357,156.794622,158.191849,51305700.000000
2023-03-30,158.939671,159.864600,158.683846,159.756363,49501700.000000
2023-03-31,159.835103,162.354048,159.313603,162.255646,68749800.000000
2023-04-03,161.635739,163.623335,161.586538,163.505264,56976200.000000
2023-04-04,163.928369,164.164510,162.462257,162.973923,46278300.000000
2023-04-05,162.098191,162.403218,159.205335,161.133896,51511700.000000
2023-04-06,159.825235,162.314678,159.402138,162.019485,45390100.000000
2023-04-10,158.831437,159.431656,157.512929,159.431656,47716900.000000
2023-04-11,159.746521,159.756356,157.936017,158.221375,47644200.000000
2023-04-12,158.634658,159.461184,157.217748,157.532623,50133100.000000
2023-04-13,159.038074,163.141201,158.831435,162.905045,68445600.000000
2023-04-14,161.950616,163.652885,161.192975,162.560684,49386500.000000
2023-04-17,162.442583,162.737775,161.399584,162.580338,41516200.000000
2023-04-18,163.436399,164.725389,162.993603,163.800461,49923000.000000
2023-04-19,163.141193,165.463348,162.885353,164.941849,47720200.000000
2023-04-20,163.426552,165.178007,162.905053,163.977570,52456400.000000
2023-04-21,162.403236,163.780779,161.852219,162.373718,58337300.000000
2023-04-24,162.353986,162.944370,161.261786,162.678696,41949600.000000
2023-04-25,162.540964,163.642999,161.104371,161.143738,48714100.000000
2023-04-26,160.445124,162.629525,160.189299,161.133896,45498800.000000
2023-04-27,162.540986,165.856939,162.540986,165.709351,64902300.000000
2023-04-28,165.788080,167.126271,165.187861,166.958984,55275900.000000
2023-05-01,166.565396,167.716632,165.935660,166.870422,52472900.000000
2023-05-02,167.362397,167.618237,164.853286,165.837250,48425700.000000
2023-05-03,166.781853,168.179080,164.479382,164.764725,65136000.000000
2023-05-04,162.245817,164.361333,161.675116,163.131378,81235400.000000
2023-05-05,168.238128,171.504895,168.021655,170.786606,113453200.000000
2023-05-08,169.714080,171.062121,169.350019,170.717728,55962800.000000
2023-05-09,170.274945,170.757078,168.848200,169.015472,45326900.000000
2023-05-10,170.245445,171.239243,169.143395,170.776779,53724500.000000
2023-05-11,171.062102,171.790225,169.409035,170.963699,49514700.000000
2023-05-12,171.072085,171.505630,168.490539,170.037506,45533100.000000
2023-05-15,170.618861,170.668131,168.953660,169.544861,37266700.000000
2023-05-16,169.466033,170.599151,169.278819,169.544861,42110300.000000
2023-05-17,169.190148,170.392230,167.919070,170.155762,57951600.000000
2023-05-18,170.461191,172.668324,170.047356,172.481110,65496700.000000
2023-05-19,173.801438,173.801438,172.372720,172.589493,55809500.000000
2023-05-22,171.426813,172.146110,170.904592,171.643585,43570900.000000
2023-05-23,170.589295,170.835626,168.766438,169.042328,50747300.000000
2023-05-24,168.579244,169.889728,168.017616,169.318237,45143500.000000
2023-05-25,169.879850,171.347974,169.170414,170.451340,56058300.000000
2023-05-26,170.776524,173.190567,170.569599,172.855545,54835000.000000
2023-05-30,174.363083,176.363291,173.978807,174.698090,55964400.000000
2023-05-31,174.727662,176.718022,174.166020,174.648834,99625300.000000
2023-06-01,175.092248,177.476733,174.333543,177.447174,68901800.000000
2023-06-02,178.373353,179.112347,176.629324,178.294525,61996900.000000
2023-06-05,179.949885,182.235831,175.427232,176.944641,121946500.000000
2023-06-06,177.328904,177.476697,174.826171,176.580063,64848400.000000
2023-06-07,175.821346,178.550699,174.717787,175.210449,61944600.000000
2023-06-08,175.289260,178.186117,174.855729,177.920090,50214900.000000
2023-06-09,178.836466,179.555749,177.979239,178.304398,48900000.000000
2023-06-12,178.609842,181.191388,178.314241,181.092850,54274900.000000
2023-06-13,180.117363,181.447542,179.762645,180.619873,54929100.000000
2023-06-14,180.679013,181.684049,179.348834,181.250504,57462900.000000
2023-06-15,181.260385,183.782814,181.083018,183.280289,65433200.000000
2023-06-16,183.989704,184.245898,181.565813,182.206268,101256200.000000
2023-06-20,181.703751,183.368953,181.703751,182.294937,49799100.000000
2023-06-21,182.186569,182.689094,179.910471,181.260376,49515700.000000
2023-06-22,181.043599,184.305022,180.974619,184.255753,51245300.000000
2023-06-23,182.827008,184.807505,182.294924,183.940414,53117000.000000
2023-06-26,184.088252,185.290349,182.511726,182.551147,48088700.000000
2023-06-27,183.162048,185.625360,182.945275,185.300201,50730800.000000
2023-06-28,185.172096,187.113188,184.846953,186.472733,51216800.000000
2023-06-29,186.305214,187.280691,186.167269,186.807724,46347300.000000
2023-06-30,188.817817,191.625984,188.453237,191.123474,85213200.000000
2023-07-03,190.936241,191.034780,188.945881,189.635620,31458200.000000
2023-07-05,188.758654,190.147951,187.822584,188.522171,46920300.000000
2023-07-06,187.054057,189.202073,186.423449,188.995148,45094300.000000
2023-07-07,188.601042,189.842546,187.448214,187.881744,46815000.000000
2023-07-10,186.482588,187.201886,184.295165,185.842133,59922200.000000
2023-07-11,186.384038,186.521983,183.861609,185.319885,46638100.000000
2023-07-12,186.896386,188.886746,185.704152,186.985077,60750200.000000
2023-07-13,187.704353,188.384229,186.994918,187.743759,41342300.000000
2023-07-14,187.438330,188.374386,186.847144,187.891586,41616200.000000
2023-07-17,189.083848,191.468348,188.995172,191.143188,50520200.000000
2023-07-18,190.512550,191.478164,189.596190,190.886963,48288200.000000
2023-07-19,190.266213,195.320918,189.822805,192.236862,80507300.000000
2023-07-20,192.226974,193.586726,189.674987,190.295746,59581200.000000
2023-07-21,191.251566,192.108794,188.423673,189.123260,71951700.000000
2023-07-24,190.571689,192.049677,189.428709,189.921371,45377800.000000
2023-07-25,190.492827,191.586538,190.088840,190.778564,37283200.000000
2023-07-26,190.827869,192.768961,190.483015,191.645691,47471900.000000
2023-07-27,193.143419,194.306096,189.724340,190.384506,47460200.000000
2023-07-28,191.813166,193.744409,191.290945,192.956146,48291400.000000
2023-07-31,193.182771,193.606469,192.394508,193.567047,38824100.000000
2023-08-01,193.360109,193.842908,192.414190,192.739349,35175100.000000
2023-08-02,192.177751,192.315696,189.034578,189.753860,50389300.000000
2023-08-03,188.758702,189.546950,187.891611,188.364563,61235200.000000
2023-08-04,182.797470,184.630175,179.250295,179.319275,115956800.000000
2023-08-07,179.457252,180.442577,174.747400,176.225388,97576100.000000
2023-08-08,177.053006,177.624496,174.973970,177.161392,67823000.000000
2023-08-09,178.215691,178.274808,174.412336,175.575027,60378500.000000
2023-08-10,176.846081,178.097447,174.993681,175.358246,54686900.000000
2023-08-11,174.953751,176.236391,174.194022,175.417465,52036700.000000
2023-08-14,175.595064,177.292112,174.943867,177.065186,43675600.000000
2023-08-15,176.492926,177.084910,174.687345,175.082001,43622600.000000
2023-08-16,174.766270,176.157442,174.144672,174.213745,46964900.000000
2023-08-17,174.776152,175.141210,171.164990,171.678055,66062900.000000
2023-08-18,170.000736,172.763375,169.665277,172.161514,61172200.000000
2023-08-21,172.733755,173.779608,171.421502,173.493469,46311900.000000
2023-08-22,174.697200,175.308921,173.898011,174.864929,42038900.000000
2023-08-23,176.137708,179.127273,175.950241,178.703003,52722800.000000
2023-08-24,178.259005,178.683274,173.661188,174.026260,54945800.000000
2023-08-25,175.012935,176.759304,173.473755,176.226517,51449600.000000
2023-08-28,177.686744,178.180072,176.167302,177.785416,43820700.000000
2023-08-29,177.301979,182.432584,177.104651,181.662994,53003900.000000
2023-08-30,182.472046,185.343217,182.274718,185.145874,60813900.000000
2023-08-31,185.333347,186.596265,184.978151,185.362946,60794500.000000
2023-09-01,186.961331,187.385585,185.767471,186.931732,45766500.000000
2023-09-05,185.767469,187.444780,185.106412,187.168518,45280000.000000
2023-09-06,185.885860,186.329867,179.048345,180.469131,81755800.000000
2023-09-07,172.842307,175.831887,171.224192,175.190552,112488800.000000
2023-09-08,175.969991,177.834769,175.417451,175.802246,65551300.000000
2023-09-11,177.667039,177.893965,174.973459,176.966507,58953100.000000
2023-09-12,177.094806,177.726265,172.487126,173.947372,90370200.000000
2023-09-13,174.154565,174.934031,171.658328,171.885269,84267900.000000
2023-09-14,171.678020,173.750002,171.263627,173.394806,60895800.000000
2023-09-15,174.124945,174.144683,171.500453,172.674561,109259500.000000
2023-09-18,174.124940,176.986250,173.819080,175.595062,67257600.000000
2023-09-19,175.151055,177.232899,174.766260,176.680374,51826900.000000
2023-09-20,176.867827,177.301958,173.059337,173.148148,58436200.000000
2023-09-21,172.220700,173.947347,171.539905,171.608963,63149100.000000
2023-09-22,172.339095,174.716938,171.727374,172.457489,56725400.000000
2023-09-25,171.875338,174.608378,171.826003,173.730255,46172700.000000
2023-09-26,172.487118,172.862037,169.369284,169.665283,64588900.000000
2023-09-27,170.316463,170.730857,166.794111,168.155685,66921800.000000
2023-09-28,167.080210,169.734315,165.383162,168.412201,56294400.000000
2023-09-29,169.724466,170.760457,168.066877,168.925278,51861100.000000
2023-10-02,168.935144,171.974045,168.649006,171.431381,52164500.000000
2023-10-03,169.961265,171.312993,168.540493,170.099396,49594600.000000
2023-10-04,168.806849,171.885223,168.688455,171.342560,53020300.000000
2023-10-05,171.470818,173.108669,170.375630,172.575882,48527900.000000
2023-10-06,171.480714,175.614803,170.868978,175.121475,57266700.000000
2023-10-09,174.450539,176.660653,173.454023,176.601456,42390800.000000
2023-10-10,175.723337,177.321714,175.575330,176.009460,43698000.000000
2023-10-11,175.821995,177.449986,175.230011,177.400650,47551100.000000
2023-10-12,177.667034,179.906730,176.650765,178.298492,56743100.000000
2023-10-13,178.999030,179.502219,175.762801,176.463333,51427100.000000
2023-10-16,174.391355,176.690264,174.154553,176.335068,52517000.000000
2023-10-17,174.292683,176.039067,172.467379,174.786011,57549400.000000
2023-10-18,173.236944,175.210255,172.773215,173.493469,54764400.000000
2023-10-19,173.690808,175.466790,172.852160,173.118561,59302900.000000
2023-10-20,172.970548,173.079081,170.336180,170.572983,64244000.000000
2023-10-23,168.629270,171.687892,167.662337,170.691376,55980100.000000
2023-10-24,170.740724,171.352445,169.162069,171.125519,43816600.000000
2023-10-25,169.586332,170.750578,168.372735,168.816742,57157000.000000
2023-10-26,168.096475,169.093006,163.459197,164.662918,70625300.000000
2023-10-27,164.682643,166.705289,164.603708,165.975159,58499100.000000
2023-10-30,166.764476,168.885779,166.616468,168.017517,51131000.000000
2023-10-31,167.090101,168.619405,165.659439,168.491150,44846000.000000
2023-11-01,168.718055,171.904947,167.849793,171.648422,56934900.000000
2023-11-02,173.177747,175.407583,173.118550,175.200394,77334800.000000
2023-11-03,171.914866,174.460439,171.036743,174.292694,79829200.000000
2023-11-06,174.026268,177.035554,173.858538,176.838226,63841300.000000
2023-11-07,176.788877,180.005383,176.581688,179.393661,70530000.000000
2023-11-08,179.916630,181.001942,179.166762,180.449417,49340300.000000
2023-11-09,180.518509,181.663018,179.383846,179.975845,53763500.000000
2023-11-10,181.754122,184.322812,181.319420,184.154846,66133400.000000
2023-11-13,183.581861,183.789323,181.991252,182.574142,43627500.000000
2023-11-14,185.439221,185.844286,184.056089,185.182358,60108400.000000
2023-11-15,185.587392,187.217512,185.518227,185.745453,53790500.000000
2023-11-16,187.286705,188.659963,186.377773,187.425018,54412900.000000
2023-11-17,187.958480,188.086919,186.298723,187.405228,50922700.000000
2023-11-20,187.602805,189.598478,187.592931,189.144012,46505100.000000
2023-11-21,189.104526,189.213201,187.454642,188.343796,38134500.000000
2023-11-22,189.183547,190.606189,188.531493,189.005707,39617700.000000
2023-11-24,188.571008,188.600645,186.970525,187.681854,24048300.000000
2023-11-27,187.632483,188.373449,186.624764,187.504044,40552600.000000
2023-11-28,187.494132,188.778476,187.118704,188.106659,38415400.000000
2023-11-29,188.600667,189.776336,186.693920,187.089096,43014200.000000
2023-11-30,187.553403,188.027633,185.923283,187.662079,48794400.000000
2023-12-01,188.037496,189.252676,186.950739,188.936539,45704800.000000
2023-12-04,187.691740,187.760904,185.192214,187.148361,43389500.000000
2023-12-05,187.918959,192.058478,187.889306,191.090286,66628400.000000
2023-12-06,192.107905,192.414169,189.796093,190.003571,41089700.000000
2023-12-07,191.297809,192.651303,191.258282,191.930099,47477700.000000
2023-12-08,191.860915,193.629364,191.337300,193.352737,53406400.000000
2023-12-11,190.784046,191.159474,189.114399,190.853195,60943700.000000
2023-12-12,190.754405,192.374651,189.410785,192.364777,52696900.000000
2023-12-13,192.740166,195.615119,192.503066,195.575607,70404200.000000
2023-12-14,195.634904,197.215623,193.797306,195.723816,66831600.000000
2023-12-15,195.150811,196.010328,194.627196,195.190338,128538400.000000
2023-12-18,193.728167,194.261671,192.048646,193.530579,55751900.000000
2023-12-19,193.797298,194.577776,193.530546,194.567902,40714100.000000
2023-12-20,194.528382,195.298986,192.483322,192.483322,52242800.000000
2023-12-21,193.738008,194.706200,191.169318,192.335098,46482500.000000
2023-12-22,192.829114,193.056355,190.645741,191.268158,37149600.000000
2023-12-26,191.277999,191.554625,190.507395,190.724747,28919300.000000
2023-12-27,190.171508,191.169338,188.788362,190.823547,48087700.000000
2023-12-28,191.801620,192.315361,190.843302,191.248367,34049900.000000
2023-12-29,191.564508,192.058485,189.420647,190.211014,42672100.000000
2024-01-02,184.895814,186.170285,181.675085,183.404007,82488700.000000
2024-01-03,182.001124,183.641134,181.220631,182.030762,58414500.000000
2024-01-04,179.956033,180.884713,178.701340,179.718933,71983600.000000
2024-01-05,179.797983,180.558698,177.999897,178.997726,62379700.000000
2024-01-08,179.896776,183.364508,179.313886,183.324982,59144500.000000
2024-01-09,181.704728,182.919908,180.529058,182.910034,42841800.000000
2024-01-10,182.129554,184.154850,181.704725,183.947388,46792900.000000
2024-01-11,184.293153,184.797020,181.408326,183.354599,49128400.000000
2024-01-12,183.818962,184.490779,182.959446,183.680649,40477800.000000
2024-01-16,179.965948,182.040645,178.750752,181.418243,65603000.000000
2024-01-17,179.086655,180.726649,178.128337,180.479660,47317400.000000
2024-01-18,183.848587,186.861853,183.591724,186.358002,78005800.000000
2024-01-19,187.049565,189.638003,186.545713,189.252701,68903000.000000
2024-01-22,189.983812,192.977315,189.944285,191.554657,60133900.000000
2024-01-23,192.671055,193.392259,191.495386,192.829117,42355600.000000
2024-01-24,193.066220,194.014664,191.999226,192.157303,53631300.000000
2024-01-25,192.868624,193.905980,190.784038,191.831268,54822100.000000
2024-01-26,191.930079,192.414168,189.628142,190.102356,44594000.000000
2024-01-29,189.697250,189.884964,187.296526,189.420624,47145600.000000
2024-01-30,188.640180,189.489822,185.211974,185.775101,55859400.000000
2024-01-31,184.787141,184.846431,182.129554,182.178940,55467800.000000
2024-02-01,181.773902,184.698242,181.605952,184.609329,64885400.000000
2024-02-02,177.693653,185.073681,177.091000,183.611511,102551700.000000
2024-02-05,185.883743,186.970500,183.601569,185.419403,69668800.000000
2024-02-06,184.609330,187.029817,184.520418,187.019943,43490800.000000
2024-02-07,188.343797,188.748862,186.338249,187.128616,53439000.000000
2024-02-08,187.108832,187.257019,185.093410,186.051727,40962000.000000
2024-02-09,186.615576,187.941136,185.972591,186.813431,45155200.000000
2024-02-12,186.388068,186.635372,184.775641,185.131760,41781900.000000
2024-02-13,183.766648,184.201906,181.531011,183.044510,56529500.000000
2024-02-14,183.321504,183.529231,180.472557,182.164108,54630500.000000
2024-02-15,181.570558,182.500423,179.394286,181.877213,65434500.000000
2024-02-16,181.441948,182.856534,179.710820,180.343918,49752500.000000
2024-02-20,179.829551,180.462649,178.058861,179.602036,53665600.000000
2024-02-21,179.977944,180.917697,178.711749,180.353851,41371400.000000
2024-02-22,181.501343,182.965393,180.492353,182.381744,52292200.000000
2024-02-23,183.014819,183.044495,180.264800,180.551682,45119700.000000
2024-02-26,180.274700,180.789081,178.701835,179.206345,40867400.000000
2024-02-27,179.147023,181.936604,177.623622,180.660522,54318900.000000
2024-02-28,180.541804,181.145226,178.187480,179.463562,48953900.000000
2024-02-29,179.315178,180.601162,177.593937,178.800781,136682600.000000
2024-03-01,177.613705,178.583132,175.467108,177.722519,73563100.000000
2024-03-04,174.250396,174.992308,171.915845,173.211731,81510100.000000
2024-03-05,168.918513,170.184708,167.790808,168.285416,95132400.000000
2024-03-06,169.215270,169.393336,166.860931,167.296188,68587700.000000
2024-03-07,167.325867,168.888830,166.672996,167.177490,71765100.000000
2024-03-08,167.177485,171.826797,167.118135,168.888824,76267000.000000
2024-03-11,171.074993,172.499466,170.194591,170.887039,60139500.000000
2024-03-12,171.282723,172.153238,169.165802,171.361862,59825400.000000
2024-03-13,170.906860,171.322329,168.918526,169.284546,52488700.000000
2024-03-14,171.045328,172.430224,170.194602,171.134354,72913500.000000
2024-03-15,169.324078,170.758438,168.453563,170.758438,121752700.000000
2024-03-18,173.676659,175.793581,171.648763,171.846603,75604200.000000
2024-03-19,172.459911,174.705436,171.164041,174.181152,55215200.000000
2024-03-20,173.825026,176.743210,173.201815,176.743210,53423100.000000
2024-03-21,175.140681,175.575939,168.997644,169.521927,106181300.000000
2024-03-22,169.907723,171.183820,168.226059,170.422119,71160100.000000
2024-03-25,168.730574,170.085795,167.622642,169.007553,54288300.000000
2024-03-26,168.166718,169.571403,167.751249,167.879852,57388400.000000
2024-03-27,168.572289,171.727891,168.275522,171.441010,60273300.000000
2024-03-28,169.897845,170.372665,168.671212,169.630753,65672700.000000
2024-04-01,169.343844,169.403195,167.652278,168.196350,46240500.000000
2024-04-02,167.256613,167.513803,166.415773,167.019196,49329500.000000
2024-04-03,166.969739,168.839356,166.762012,167.820465,47691700.000000
2024-04-04,168.453584,170.066011,166.999451,166.999451,53704400.000000
2024-04-05,167.761123,168.552498,167.128025,167.751236,42104800.000000
2024-04-08,167.207170,167.375335,166.425696,166.633423,37425500.000000
2024-04-09,166.880715,168.245838,166.534499,167.840256,42373800.000000
2024-04-10,166.979647,167.266513,165.307869,165.970642,49709300.000000
2024-04-11,166.524600,173.567828,166.346549,173.152344,91070300.000000
2024-04-12,172.380759,176.436551,172.331311,174.646072,101670900.000000
2024-04-15,173.468902,174.725211,170.639744,170.827698,73531800.000000
2024-04-16,169.897827,171.886146,166.455360,167.553391,73711200.000000
2024-04-17,167.780916,168.809694,166.188278,166.188278,50901200.000000
2024-04-18,166.217961,166.821384,164.753926,165.238632,43122900.000000
2024-04-19,164.417585,164.605523,162.310550,163.220627,68149400.000000
2024-04-22,163.735049,165.456275,162.993137,164.051590,48116400.000000
2024-04-23,163.566871,165.248535,163.141500,165.100143,49537800.000000
2024-04-24,164.744015,167.474260,164.417587,167.197281,48251800.000000
2024-04-25,167.701774,168.770129,166.336651,168.057892,50558300.000000
2024-04-26,168.047990,169.492237,167.355527,167.474243,44838400.000000
2024-04-29,171.500380,174.131698,171.233302,171.628983,68169400.000000
2024-04-30,171.460765,173.102867,168.166675,168.493118,65934800.000000
2024-05-01,167.751222,170.847473,167.286290,167.474243,50383100.000000
2024-05-02,170.649651,171.549841,169.047126,171.164047,94214900.000000
2024-05-03,184.637145,184.983377,180.690183,181.402420,163224100.000000
2024-05-06,180.383510,182.213550,178.474315,179.750412,78569700.000000
2024-05-07,181.471663,182.906023,179.364643,180.432983,77305800.000000
2024-05-08,180.878132,181.095761,179.493221,180.769318,45057100.000000
2024-05-09,180.591286,182.668646,180.146142,182.579620,48983000.000000
2024-05-10,183.154117,183.342325,180.410283,181.321594,50759500.000000
2024-05-13,183.688992,185.333322,182.876728,184.521057,72044800.000000
2024-05-14,185.739448,186.521997,184.530967,185.660202,52393600.000000
2024-05-15,186.135697,188.849816,185.600788,187.928604,70400000.000000
2024-05-16,188.671526,189.295582,187.869177,188.047470,52845200.000000
2024-05-17,187.720578,189.008306,187.393692,188.077179,41282900.000000
2024-05-20,187.542285,190.107825,187.225299,189.236130,44361300.000000
2024-05-21,189.285655,190.910169,189.117262,190.533768,42309400.000000
2024-05-22,190.454517,190.999327,188.473402,189.097443,34648500.000000
2024-05-23,189.176679,189.196495,184.867763,185.115402,51005900.000000
2024-05-24,187.037091,188.780467,186.264443,188.186127,36327000.000000
2024-05-28,189.701728,191.177664,187.314495,188.196091,52280100.000000
2024-05-29,187.819623,190.434694,187.720561,188.493195,53068000.000000
2024-05-30,188.958770,190.365360,188.830008,189.483765,49889100.000000
2024-05-31,189.632374,190.751709,188.116821,190.434723,75158300.000000
2024-06-03,191.078571,193.148849,190.702170,192.197906,50080500.000000
2024-06-04,192.802148,193.475735,191.207349,192.514893,47471400.000000
2024-06-05,193.554960,195.040796,193.029965,194.020523,54156800.000000
2024-06-06,193.842212,194.644561,192.336561,192.643631,41181800.000000
2024-06-07,192.812044,195.080430,192.306865,195.030899,53103900.000000
2024-06-10,195.040800,195.437032,190.335651,191.296494,97010200.000000
2024-06-11,191.821458,205.203900,191.801658,205.193985,172373300.000000
2024-06-12,205.411945,218.120802,204.946382,211.058136,198134300.000000
2024-06-13,212.712335,214.703350,209.601985,212.217056,97862700.000000
2024-06-14,211.830740,213.138269,209.304816,210.483582,70122700.000000
2024-06-17,211.355302,216.882616,210.711445,214.624146,93728300.000000
2024-06-18,215.535414,216.565602,210.988758,212.266571,79943300.000000
2024-06-20,211.909989,212.217075,206.877969,207.700119,86172500.000000
2024-06-21,208.403419,209.889255,205.154391,205.530807,241805100.000000
2024-06-24,205.758635,210.691608,204.639300,206.174667,80727000.000000
2024-06-25,207.175133,209.384087,206.640238,207.095901,55549700.000000
2024-06-26,209.502944,212.831218,208.651064,211.236420,66213200.000000
2024-06-27,212.662840,213.702929,210.344939,212.078415,49772700.000000
2024-06-28,213.732622,214.029792,208.314270,208.631241,82542700.000000
2024-07-01,210.087382,215.456203,209.918989,214.703384,60402900.000000
2024-07-02,214.109017,218.299086,213.068944,218.190125,58046200.000000
2024-07-03,217.922656,219.458023,216.961814,219.458023,37369800.000000
2024-07-05,219.557102,224.311782,219.557102,224.202820,60412400.000000
2024-07-08,224.945736,225.698569,221.141998,225.668854,59085900.000000
2024-07-09,225.777803,227.233924,224.232536,226.520721,48076100.000000
2024-07-10,227.134876,230.879183,227.085345,230.780121,62627700.000000
2024-07-11,229.205126,230.195683,223.638197,225.421204,64710600.000000
2024-07-12,226.758445,230.443321,226.520706,228.363144,53046500.000000
2024-07-15,234.247068,234.989986,230.889078,232.186707,62631300.000000
2024-07-16,232.781031,234.039043,230.136244,232.602737,43234300.000000
2024-07-17,227.283482,229.274513,224.500017,226.718872,57345900.000000
2024-07-18,228.105609,228.264102,220.171248,222.063202,66034600.000000
2024-07-19,222.697180,224.658480,221.171713,222.191986,49151500.000000
2024-07-22,224.866480,225.629213,220.983496,221.845291,48201800.000000
2024-07-23,222.251404,224.797145,220.577360,222.885361,39960300.000000
2024-07-24,221.884907,222.677356,215.079781,216.476456,61777600.000000
2024-07-25,216.862792,218.764676,212.593490,215.436401,51391200.000000
2024-07-26,216.634935,217.417484,213.970332,215.901932,41601300.000000
2024-07-29,214.911378,217.229279,213.712797,216.179291,36311800.000000
2024-07-30,217.120341,218.249576,214.079322,216.734024,41643800.000000
2024-07-31,219.349091,221.706623,218.546742,219.983047,50036300.000000
2024-08-01,222.251434,222.360396,214.970844,216.298187,62501000.000000
2024-08-02,217.080679,223.469787,215.654289,217.783981,105568600.000000
2024-08-05,197.210121,211.484061,194.149302,207.294006,119548600.000000
2024-08-06,203.361485,208.007203,199.171431,205.273254,69660500.000000
2024-08-07,204.946365,211.622728,204.441186,207.838806,63516400.000000
2024-08-08,211.097744,212.177448,206.858159,211.295853,47161100.000000
2024-08-09,210.097288,214.733091,209.968511,214.198196,42201600.000000
2024-08-12,214.277554,217.689004,213.811451,215.725433,38028100.000000
2024-08-13,217.193126,220.049239,217.193126,219.434387,44155300.000000
2024-08-14,218.740222,221.179806,217.877429,219.880676,41960600.000000
2024-08-15,222.736759,223.480537,220.912012,222.855759,46414000.000000
2024-08-16,222.062394,224.948256,221.794629,224.174728,44340200.000000
2024-08-19,223.847464,224.115229,221.189689,224.016052,40687800.000000
2024-08-20,223.897069,225.285449,223.579716,224.630920,30299000.000000
2024-08-21,224.640820,226.088699,223.183013,224.521805,34765500.000000
2024-08-22,225.900262,226.445703,222.042534,222.667313,43695300.000000
2024-08-23,223.787987,226.326748,222.469019,224.958191,38677300.000000
2024-08-26,224.878850,225.394541,222.032664,225.295364,30602200.000000
2024-08-27,224.125162,226.951526,223.024370,226.138321,35934600.000000
2024-08-28,226.029244,227.953153,223.807821,224.611115,38052200.000000
2024-08-29,228.191154,230.987752,226.981273,227.883713,51906300.000000
2024-08-30,228.280381,228.488630,225.592856,227.100250,52990800.000000
2024-09-03,226.654032,227.100296,219.335249,220.921982,50190600.000000
2024-09-04,219.821161,219.940161,215.675830,219.017883,43840200.000000
2024-09-05,219.791409,223.609461,219.682321,220.535187,36615400.000000
2024-09-06,222.092153,223.371459,217.946836,218.988129,48423000.000000
2024-09-09,218.988143,219.434407,214.912238,219.077393,67180000.000000
2024-09-10,217.103897,219.642657,214.932062,218.284027,51591000.000000
2024-09-11,219.622824,221.239292,216.082433,220.812866,44587100.000000
2024-09-12,220.654217,221.695510,217.996457,220.921982,37455600.000000
2024-09-13,221.725232,222.181408,220.069088,220.654190,36766600.000000
2024-09-16,214.743628,215.417995,212.145368,214.525467,59357400.000000
2024-09-17,213.960166,215.100619,212.720536,214.991531,45519300.000000
2024-09-18,215.745241,220.862439,215.735315,218.859192,59894900.000000
2024-09-19,223.123527,227.913460,222.766513,226.971329,66781300.000000
2024-09-20,228.062221,231.156333,225.731710,226.306900,318679900.000000
2024-09-23,225.454010,227.546506,223.936704,224.591232,54146000.000000
2024-09-24,226.753145,227.447350,223.857370,225.483765,43556100.000000
2024-09-25,223.064024,225.404447,222.161585,224.492081,42308700.000000
2024-09-26,225.414362,226.604404,223.540041,225.632538,36636700.000000
2024-09-27,226.564754,227.615958,225.414374,225.900299,34026000.000000
2024-09-30,228.131611,231.067062,227.744847,231.067062,54541900.000000
2024-10-01,227.615958,227.744870,221.883909,224.333420,63285000.000000
2024-10-02,224.016065,225.483783,221.169879,224.898682,32880600.000000
2024-10-03,223.272280,224.928424,221.467386,223.797882,34044200.000000
2024-10-04,226.009384,226.108560,222.270670,224.918518,37245100.000000
2024-10-07,222.637577,223.817708,219.493877,219.850891,39505400.000000
2024-10-08,222.439258,224.105314,221.397965,223.897064,31855700.000000
2024-10-09,223.361515,227.844022,222.964840,227.635757,33591100.000000
2024-10-10,225.890366,227.596098,225.285426,227.139908,28183500.000000
2024-10-11,227.397775,227.506863,225.454028,225.662292,31759200.000000
2024-10-14,226.802758,229.807621,226.703597,229.381195,39882100.000000
2024-10-15,231.672004,235.519821,230.442286,231.910019,64751400.000000
2024-10-16,229.678694,230.194369,227.933284,229.857193,34082200.000000
2024-10-17,231.493501,231.910030,228.607654,230.224121,32993800.000000
2024-10-18,234.220680,234.220680,232.068684,233.050476,46431500.000000
2024-10-21,232.505030,234.885129,232.505030,234.518188,36254500.000000
2024-10-22,231.949692,234.260365,230.670401,233.903351,38846600.000000
2024-10-23,232.138107,233.189311,225.870530,228.845642,52287000.000000
2024-10-24,228.072140,228.905183,226.515172,228.657257,31109500.000000
2024-10-25,227.834121,231.285247,227.665533,229.490265,38802300.000000
2024-10-28,231.384422,232.782713,230.620806,231.463745,36087100.000000
2024-10-29,231.166243,232.386035,230.392715,231.731506,35417200.000000
2024-10-30,230.680319,231.533185,227.645707,228.191147,47070900.000000
2024-10-31,227.437427,227.923367,223.500360,224.035889,64370100.000000
2024-11-01,219.136898,223.480567,218.442708,221.060806,65276700.000000
2024-11-04,219.156716,220.941771,217.887336,220.168243,44944500.000000
2024-11-05,219.959992,222.092150,219.305464,221.596298,28111300.000000
2024-11-06,220.763272,224.194575,219.355054,220.872360,54561100.000000
2024-11-07,222.766532,225.989571,222.707032,225.592880,42137700.000000
2024-11-08,225.533292,227.012563,224.778773,225.324814,38328800.000000
2024-11-11,223.378928,224.073882,219.904145,222.614471,42005600.000000
2024-11-12,222.932173,223.964674,221.750744,222.614471,40398300.000000
2024-11-13,222.396059,225.017038,221.155065,223.498062,48566200.000000
2024-11-14,223.398788,227.221040,223.378928,226.575729,44923900.000000
2024-11-15,224.768844,225.285102,222.654200,223.378937,47923700.000000
2024-11-18,223.627105,228.084760,223.547679,226.377151,44633700.000000
2024-11-19,225.344663,228.501760,225.026976,226.635300,36211800.000000
2024-11-20,226.416898,228.273421,224.262534,227.350128,35169600.000000
2024-11-21,227.230988,228.501765,224.083829,226.873581,42108300.000000
2024-11-22,226.416880,229.057719,226.416880,228.213837,38168300.000000
2024-11-25,229.792385,231.569482,228.084776,231.192215,90152800.000000
2024-11-26,231.648923,233.872790,231.648923,233.366455,45986200.000000
2024-11-27,232.780719,233.991930,232.125470,233.237396,33498400.000000
2024-11-29,233.118239,236.096624,232.284294,235.620087,28481400.000000
2024-12-02,235.560538,239.055167,235.451330,237.863815,48137100.000000
2024-12-03,238.082244,241.010987,237.178797,240.901779,38861000.000000
2024-12-04,241.120195,242.351267,239.511871,241.259186,44383900.000000
2024-12-05,242.232123,242.778149,240.385524,241.288956,40033900.000000
2024-12-06,241.159896,242.867505,240.335874,241.090393,36870600.000000
2024-12-09,240.087678,245.458704,240.008253,244.972229,44649200.000000
2024-12-10,245.111199,246.421696,243.572363,245.984863,36914800.000000
2024-12-11,246.173522,248.993057,244.485758,244.714111,45205800.000000
2024-12-12,245.111210,246.947887,243.909921,246.173508,32777500.000000
2024-12-13,246.034521,247.493916,244.465903,246.342285,33155300.000000
2024-12-16,246.203295,249.568870,245.865733,249.231308,51694800.000000
2024-12-17,248.278235,252.001217,247.980393,251.653732,51356400.000000
2024-12-18,250.343268,252.447989,245.955114,246.262878,56774100.000000
2024-12-19,245.716816,250.184395,245.309767,247.990311,60882300.000000
2024-12-20,246.252922,253.162784,243.919863,252.656464,147495300.000000
2024-12-23,252.934450,253.808099,251.623953,253.430847,40858800.000000
2024-12-24,253.649240,256.349629,253.450669,256.339722,23234700.000000
2024-12-26,256.329832,258.226075,255.773869,257.153839,27237100.000000
2024-12-27,255.972371,256.836129,251.236749,253.748520,42355300.000000
2024-12-30,250.412748,251.673602,248.943415,250.382965,35557500.000000
2024-12-31,250.621250,251.455194,247.632926,248.615799,39480700.000000
2025-01-02,247.136526,247.305315,240.077766,242.093140,55740700.000000
2025-01-03,241.606659,242.420743,240.147249,241.606659,40244100.000000
2025-01-06,242.549802,245.548047,241.447798,243.234833,45045600.000000
2025-01-07,241.229392,243.780883,239.611146,240.464951,40856000.000000
2025-01-08,240.177022,241.954134,238.320499,240.951401,37628900.000000
2025-01-10,238.280792,238.429720,231.321302,235.143570,61710900.000000
2025-01-13,231.847485,232.979271,228.064937,232.711212,49630700.000000
2025-01-14,233.058669,234.418793,230.795097,231.599258,39435300.000000
2025-01-15,232.949480,237.238363,232.740986,236.156204,39832000.000000
2025-01-16,235.639969,236.295202,226.387109,226.615448,71759100.000000
2025-01-17,230.447625,230.616398,226.833851,228.323044,68488300.000000
2025-01-21,222.386152,222.803124,217.799442,221.035950,98070400.000000
2025-01-22,218.206490,222.505296,218.206490,222.217392,64126500.000000
2025-01-23,223.120789,225.394284,220.698367,222.048569,60234800.000000
2025-01-24,223.160517,224.004399,219.814802,221.174927,54697900.000000
2025-01-27,222.405998,230.477413,222.366277,228.203918,94863400.000000
2025-01-28,229.186809,238.459514,229.147089,236.543411,75707600.000000
2025-01-29,232.433245,238.131896,232.324037,237.635498,45486100.000000
2025-01-30,236.950456,239.055177,235.500983,235.878235,55658300.000000
2025-01-31,245.409048,245.409048,231.758114,234.299667,100959800.000000
2025-02-03,228.332994,230.159734,224.073894,226.367249,73063300.000000
2025-02-04,225.612725,231.450366,225.017042,231.122742,45067300.000000
2025-02-05,226.883504,230.993676,226.625383,230.795120,39620300.000000
2025-02-06,229.623601,232.115526,228.769796,231.539703,29925300.000000
2025-02-07,230.924184,232.314091,225.622646,225.989990,39707200.000000
2025-02-10,228.166623,229.180376,225.811100,226.258347,33115600.000000
2025-02-11,226.804959,233.791982,226.735395,231.197937,53718400.000000
2025-02-12,229.786630,235.511428,229.269805,235.421967,45243300.000000
2025-02-13,235.461745,240.858543,234.129940,240.053497,53614100.000000
2025-02-14,239.775194,244.048911,239.516789,243.104721,40896200.000000
2025-02-18,242.657443,243.681145,240.361567,242.975494,48822500.000000
2025-02-19,243.164354,244.506093,241.673524,243.373062,32204200.000000
2025-02-20,243.442636,245.271384,242.796600,244.327194,32316900.000000
2025-02-21,244.446453,247.169708,243.720920,244.048904,53197400.000000
2025-02-24,243.432699,247.338682,242.925822,245.589447,51326400.000000
2025-02-25,246.483923,248.471697,243.412817,245.529785,48013300.000000
2025-02-26,242.836372,243.482393,237.668164,238.890640,44433600.000000
2025-02-27,237.946452,240.977810,235.610812,235.849350,41153600.000000
2025-02-28,235.501482,240.610059,228.792745,240.361588,56833400.000000
2025-03-03,240.311899,242.538211,234.666629,236.574890,47184000.000000
2025-03-04,236.256834,238.602407,233.245343,234.487701,53798100.000000
2025-03-05,233.980823,235.103920,227.828661,234.298874,47227600.000000
2025-03-06,233.006829,236.405920,231.734655,233.891388,45170400.000000
2025-03-07,233.672722,239.894448,233.324856,237.608521,46273600.000000
2025-03-10,234.100112,234.716332,222.849320,226.089386,72071200.000000
2025-03-11,222.441820,224.459409,216.120699,219.489975,76137400.000000
2025-03-12,218.794235,220.394393,213.596211,215.653549,62547500.000000
2025-03-13,214.629868,215.514427,207.145901,208.398193,61368300.000000
2025-03-14,209.958579,212.642070,208.298790,212.184891,60107600.000000
2025-03-17,212.006003,213.904331,208.686425,212.691788,48073400.000000
2025-03-18,212.850801,213.834739,210.197125,211.389786,42432400.000000
2025-03-19,212.910441,217.422680,212.443313,213.924210,54385400.000000
2025-03-20,212.681855,216.160459,210.922671,212.791183,48862900.000000
2025-03-21,210.266682,217.502177,209.988395,216.935669,94127800.000000
2025-03-24,219.648984,220.126046,217.243780,219.380630,44299500.000000
2025-03-25,219.420423,222.730069,218.734639,222.382202,34493600.000000
2025-03-26,222.143642,223.644421,219.122233,220.175751,34466100.000000
2025-03-27,220.036614,223.614613,219.211686,222.481583,37094800.000000
2025-03-28,220.314890,222.441807,216.349276,216.567932,39818600.000000
2025-03-31,215.683369,224.240735,214.908138,220.772079,65299300.000000
2025-04-01,218.466265,222.312602,217.561824,221.825607,36412700.000000
2025-04-02,219.967035,223.813372,219.668866,222.521317,35905900.000000
2025-04-03,204.283486,206.221577,200.019718,201.947861,103419000.000000
2025-04-04,192.704736,198.658124,186.194773,187.228424,125910900.000000
2025-04-07,176.116740,192.963119,173.552511,180.350708,160466300.000000
2025-04-08,185.558670,189.176417,168.175599,171.365967,120859500.000000
2025-04-09,170.898848,199.383650,170.839217,197.634415,184395900.000000
2025-04-10,187.914197,193.589283,181.881297,189.255936,121880000.000000
2025-04-11,184.962350,198.320177,184.922586,196.938675,87435900.000000
2025-04-14,210.147420,211.638250,199.930265,201.281952,101352900.000000
2025-04-15,200.626010,202.265917,198.578605,200.904297,51343900.000000
2025-04-16,197.147407,199.473098,191.194019,193.082413,59732400.000000
2025-04-17,195.994474,197.614515,193.231470,195.775818,52164700.000000
2025-04-21,192.088515,192.615274,188.649660,191.979187,46742500.000000
2025-04-22,194.921056,200.357617,194.771979,198.518936,52976400.000000
2025-04-23,204.740694,206.728468,201.560259,203.349258,52929200.000000
2025-04-24,203.637485,207.553401,201.699408,207.096207,47311000.000000
2025-04-25,205.108411,208.467754,204.939452,208.000626,38222300.000000
2025-04-28,208.716249,210.207079,206.191783,208.855392,38743100.000000
2025-04-29,207.414240,210.942541,207.096188,209.918839,36827600.000000
2025-04-30,208.020523,212.274358,205.406596,211.200958,52286500.000000
2025-05-01,207.801860,213.248355,207.622952,212.015945,57365700.000000
2025-05-02,204.830132,205.724639,200.924164,204.094666,101010600.000000
2025-05-05,201.858403,202.852290,196.998298,197.674133,69018500.000000
2025-05-06,196.998309,199.423380,195.815581,197.296463,51216500.000000
2025-05-07,197.952425,198.220779,192.068617,195.050278,68536700.000000
2025-05-08,196.511305,198.827063,193.489880,196.282715,50478900.000000
2025-05-09,197.783473,199.314052,196.332392,197.316345,36453900.000000
2025-05-12,209.955265,210.253825,205.755562,209.776123,63775800.000000
2025-05-13,209.417847,212.373563,207.994733,211.905823,51909300.000000
2025-05-14,211.408226,212.910972,209.567133,211.308716,49325800.000000
2025-05-15,209.935358,211.935700,208.532136,210.432953,45029500.000000
2025-05-16,211.338597,211.547593,208.761058,210.243881,54737900.000000
2025-05-19,206.909992,208.472433,203.277539,207.775803,46140500.000000
2025-05-20,206.671138,207.467293,204.043836,205.865036,42496600.000000
2025-05-21,204.183169,206.044169,199.744629,201.117981,59211800.000000
2025-05-22,199.744627,201.774808,198.739475,200.391495,46742400.000000
2025-05-23,192.738485,196.749100,192.529503,194.330795,78432900.000000
2025-05-27,197.346223,199.774489,196.480397,199.247040,56288500.000000
2025-05-28,199.625205,201.754911,198.938521,199.456024,45339700.000000
2025-05-29,202.600796,202.829685,197.555175,198.988251,51396800.000000
2025-05-30,198.411034,200.988588,195.833496,199.883926,70819900.000000
2025-06-02,199.316675,201.157783,199.157441,200.729843,35423300.000000
2025-06-03,200.381549,202.789908,199.993426,202.292313,46381600.000000
2025-06-04,201.934046,205.248031,201.127944,201.844482,43604000.000000
2025-06-05,202.521199,203.765187,199.187306,199.665009,55126100.000000
2025-06-06,202.023621,204.710631,201.078193,202.939194,46607700.000000
2025-06-09,203.406925,205.009182,199.057949,200.481064,72862600.000000
2025-06-10,199.635170,203.367133,199.605315,201.695206,54672600.000000
2025-06-11,202.521197,203.516387,197.455683,197.823898,60989900.000000
2025-06-12,198.122464,198.719569,196.410736,198.241882,43904600.000000
2025-06-13,198.769303,199.406224,194.758689,195.505081,51447300.000000
2025-06-16,196.351029,197.734343,195.614583,197.465637,43020700.000000
2025-06-17,196.251499,197.435778,194.271081,194.699005,38856200.000000
2025-06-18,194.997570,196.619735,194.131759,195.634491,45394700.000000
2025-06-20,197.286499,200.729848,195.913132,200.033218,96813500.000000
2025-06-23,200.660202,201.326978,198.003046,200.530823,55814300.000000
2025-06-24,201.615572,202.461490,199.237069,199.336594,54064000.000000
2025-06-25,200.481044,202.690367,199.655034,200.590515,39525700.000000
2025-06-26,200.461143,201.665330,198.500632,200.033218,50799100.000000
2025-06-27,200.918925,202.242530,199.038016,200.112823,73188600.000000
2025-06-30,201.038347,206.392474,198.301574,204.183151,91912800.000000
2025-07-01,205.675942,209.179015,205.148492,206.820419,78788900.000000
2025-07-02,207.905193,212.313878,207.138892,211.418213,67941800.000000
2025-07-03,211.129598,213.617573,210.791236,212.522873,34955800.000000
2025-07-07,211.657035,215.189963,207.795708,208.940170,50229000.000000
2025-07-08,209.089457,210.413046,207.447384,208.999878,42848900.000000
2025-07-09,208.522194,210.313539,206.223307,210.124451,48749400.000000
2025-07-10,209.497466,212.453182,209.019779,211.388336,44443600.000000
2025-07-11,209.557205,211.109699,208.850613,210.144363,39765800.000000
2025-07-14,208.920274,209.895571,206.541770,207.616577,38840100.000000
2025-07-15,208.213689,210.870845,207.915129,208.104218,42296300.000000
2025-07-16,209.288511,211.378402,207.636492,209.149185,47490500.000000
2025-07-17,209.557215,210.781295,208.581917,209.009857,48068100.000000
2025-07-18,209.855739,210.771312,208.691368,210.164246,48974600.000000
2025-07-21,211.079846,214.742138,210.612105,211.458008,51377400.000000
2025-07-22,212.114840,213.916132,211.209213,213.368774,46404100.000000
2025-07-23,213.965882,214.115155,211.388343,213.119965,46989300.000000
2025-07-24,212.871168,214.652567,212.502953,212.731842,46022600.000000
2025-07-25,213.667321,214.204732,212.373570,212.851273,40268800.000000
2025-07-28,213.000554,213.816617,212.035218,213.020462,37858000.000000
2025-07-29,213.149822,213.776796,209.805997,210.253830,51411700.000000
2025-07-30,210.880777,211.368426,206.720890,208.044495,45512500.000000
2025-07-31,207.487198,208.830695,206.163593,206.571625,80698400.000000
2025-08-01,209.855740,212.552712,200.530814,201.406586,104434500.000000
2025-08-04,203.526327,206.880128,200.709937,202.371918,75109300.000000
2025-08-05,202.421687,204.352359,201.187661,201.944000,44155100.000000
2025-08-06,204.640960,214.344064,204.601144,212.224304,108483100.000000
2025-08-07,217.827217,219.787743,215.538277,218.971680,90224800.000000
2025-08-08,219.767847,229.888930,218.195445,228.246872,113854000.000000
2025-08-11,227.081169,228.715133,223.932796,226.343887,61806100.000000
2025-08-12,227.170831,229.950571,226.234303,228.804794,55626200.000000
2025-08-13,230.219576,234.135104,229.581917,232.471252,69878500.000000
2025-08-14,233.198567,234.254663,230.000389,231.923279,51916300.000000
2025-08-15,233.138774,233.417742,228.495921,230.737640,56038700.000000
2025-08-18,230.847239,232.262011,229.263094,230.040222,37476200.000000
2025-08-19,230.428792,232.012937,228.505903,229.711441,39402600.000000
2025-08-20,229.133598,229.621800,224.939100,225.178207,42263900.000000
2025-08-21,225.437249,225.686329,222.956408,224.072281,30621200.000000
2025-08-22,225.337624,228.246875,224.580426,226.921768,42477800.000000
2025-08-25,225.646469,228.456098,225.397389,226.323975,30983100.000000
2025-08-26,226.035027,228.645395,223.863057,228.466049,54575100.000000
2025-08-27,227.768638,230.050203,227.419920,229.641724,31259500.000000
2025-08-28,229.970500,232.550964,228.495936,231.704086,38074700.000000
2025-08-29,231.654263,232.521071,230.518459,231.285629,39418400.000000
2025-09-02,228.406286,230.000404,226.134678,228.874557,44075600.000000
2025-09-03,236.336989,237.970953,233.497472,237.592346,66427800.000000
2025-09-04,237.572415,239.017075,235.868717,238.897522,47549400.000000
2025-09-05,239.116703,240.431852,237.612266,238.807846,54870400.000000
2025-09-08,238.419289,239.266151,235.470176,237.004517,48999500.000000
2025-09-09,236.127759,237.901207,232.501156,233.487518,66313900.000000
2025-09-10,231.335457,231.564607,225.118417,225.955322,83440800.000000
2025-09-11,226.045010,229.601863,225.815845,229.183411,50208600.000000
2025-09-12,228.376386,233.646910,228.177125,233.208542,55824200.000000
2025-09-15,236.127756,237.313379,234.165005,235.828857,42699500.000000
2025-09-16,236.307067,240.332207,235.450247,237.273499,63421100.000000
2025-09-17,238.090512,239.216359,236.855071,238.110443,46508000.000000
2025-09-18,239.086821,240.312290,235.779033,237.004517,44249600.000000
2025-09-19,240.342177,245.393525,239.325942,244.596466,163741300.000000
2025-09-22,247.386162,255.695479,247.206817,255.137512,105517400.000000
2025-09-23,254.938282,256.392900,252.646744,253.493607,60275200.000000
2025-09-24,254.280687,254.798778,250.116063,251.381393,42303700.000000
2025-09-25,252.278088,256.223520,250.783609,255.924606,55202100.000000
2025-09-26,253.164811,256.651929,252.845981,254.519806,46076300.000000
2025-09-29,253.623133,254.061516,252.078834,253.493607,40127700.000000
2025-09-30,253.922005,254.978101,252.178446,253.692856,37704300.000000
2025-10-01,254.101347,257.837561,253.991751,254.509842,48713900.000000
2025-10-02,255.635691,257.229809,253.214642,256.183685,42630200.000000
2025-10-03,253.732712,258.285885,253.015361,257.070374,49155600.000000
2025-10-06,257.040473,258.116515,254.111306,255.745270,44664100.000000
2025-10-07,255.864844,256.452669,254.489918,255.536072,31955800.000000
2025-10-08,255.575889,257.568528,255.167394,257.110229,36496900.000000
2025-10-09,256.861171,257.050474,252.208360,253.105042,38322000.000000
2025-10-10,254.001718,255.436421,243.101979,244.367310,61999100.000000
2025-10-13,248.462191,248.771048,244.656243,246.748520,38142900.000000
2025-10-14,245.692432,247.934151,243.799415,246.858124,35478000.000000
2025-10-15,248.571775,250.893201,246.559205,248.422318,33893600.000000
2025-10-16,247.336350,248.123436,244.227838,246.539291,39777000.000000
2025-10-17,247.107207,252.447481,246.359967,251.361481,49147000.000000
2025-10-20,254.948221,263.406980,254.689183,261.274841,90483000.000000
2025-10-21,260.916148,264.313601,260.866314,261.802856,46695900.000000
2025-10-22,261.683303,261.882579,254.489875,257.498779,45015300.000000
2025-10-23,258.983294,259.660784,257.060405,258.624603,32754900.000000
2025-10-24,260.228747,263.157929,258.226134,261.852753,38253700.000000
2025-10-27,263.905180,268.129566,263.676015,267.820709,44888200.000000
2025-10-28,268.000006,268.896718,267.163101,268.009979,41534800.000000
2025-10-29,268.288960,270.411126,266.126933,268.707428,51086700.000000
2025-10-30,270.988979,273.131090,267.491917,270.401154,69886500.000000
2025-10-31,275.970570,276.299373,268.169401,269.374939,86167100.000000
2025-11-03,269.424737,269.853147,265.270071,268.059753,50194600.000000
2025-11-04,267.342445,270.490818,266.635066,269.046173,49274800.000000
2025-11-05,267.621415,270.700069,265.947605,269.145813,43683100.000000
2025-11-06,266.904075,272.393775,266.904075,268.777130,51204000.000000
2025-11-07,268.807025,271.287882,265.788178,267.481934,48227400.000000
2025-11-10,268.229883,272.986954,266.733955,268.698608,41312400.000000
2025-11-11,269.077602,275.161050,269.067620,274.502838,46208300.000000
2025-11-12,274.253476,274.981505,270.962446,272.727631,48398000.000000
2025-11-13,273.365900,275.948896,271.351395,272.209076,49602800.000000
2025-11-14,270.314208,275.210883,268.868163,271.670532,47431300.000000
2025-11-17,268.090272,269.755721,265.008663,266.733948,45018300.000000
2025-11-18,269.257085,269.975132,264.599780,266.714020,45677300.000000
2025-11-19,264.809190,271.471049,264.779272,267.830963,40424500.000000
2025-11-20,270.094806,274.682325,265.198161,265.527252,45823600.000000
2025-11-21,265.228082,272.588023,264.948843,270.753021,59030800.000000
2025-11-24,270.164628,276.248075,270.164628,275.171021,65585800.000000
2025-11-25,274.522742,279.618887,274.502808,276.218140,46914200.000000
2025-11-26,276.208175,278.771206,275.879084,276.796570,33431400.000000
2025-11-28,276.507338,278.242604,275.240766,278.093018,20135600.000000
2025-12-01,277.255303,282.650621,275.390385,282.331482,46587700.000000
2025-12-02,282.231774,286.619823,281.862783,285.413116,53669500.000000
2025-12-03,285.423116,287.836529,282.530963,283.378662,43538700.000000
2025-12-04,283.328814,283.957109,277.833761,279.938049,43989100.000000
2025-12-05,279.778487,280.376864,277.295225,278.023254,47265800.000000
2025-12-08,277.374989,278.910817,275.400353,277.135651,38211800.000000
2025-12-09,277.404933,279.269851,276.168308,276.427582,32193300.000000
2025-12-10,276.996052,278.990623,275.689610,278.023254,33038300.000000
2025-12-11,278.342341,278.831001,273.066693,277.275238,33248000.000000
2025-12-12,277.145624,278.462048,276.068569,277.524597,39532900.000000
2025-12-15,279.389487,279.389487,272.099334,273.365875,50409100.000000
2025-12-16,272.079413,274.752131,271.052211,273.864532,37648600.000000
2025-12-17,274.263459,275.410331,270.902612,271.102051,50138700.000000
2025-12-18,272.867239,272.887204,266.225345,271.451111,51630700.000000
2025-12-19,271.411231,273.854592,269.167338,272.927124,144632000.000000
2025-12-22,272.119320,273.136571,269.775724,270.234467,36571800.000000
2025-12-23,270.104803,271.760301,268.828279,271.620667,29642000.000000
2025-12-24,271.600731,274.682340,271.461127,273.066742,17910600.000000
2025-12-26,273.415753,274.622460,272.119264,272.657806,21521800.000000
2025-12-29,271.949773,273.615223,271.610700,273.016876,23715200.000000
2025-12-30,272.069428,273.335969,271.540868,272.338684,22139600.000000
2025-12-31,272.318764,272.937076,271.012322,271.122009,27293600.000000
2026-01-02,271.520929,277.085768,268.269769,270.274323,37838100.000000
2026-01-05,269.905345,270.772978,265.417561,266.534515,45647200.000000
2026-01-06,266.275216,266.823711,261.408458,261.647797,52352100.000000
2026-01-07,262.485526,262.964203,259.104714,259.623291,48309800.000000
2026-01-08,256.322317,258.586174,255.005908,258.336853,50419300.000000
2026-01-09,258.376703,259.503640,255.524481,258.665924,39997000.000000
2026-01-12,258.456481,260.590656,256.102871,259.543518,45263800.000000
2026-01-13,258.017678,261.099286,257.688587,260.341339,45730800.000000
2026-01-14,258.785608,261.109300,256.013156,259.254333,40019400.000000
2026-01-15,259.942443,260.331399,256.352209,257.509064,39388600.000000
2026-01-16,257.199911,258.197197,254.237972,254.836349,72142800.000000
2026-01-20,252.043949,254.098355,242.759224,246.030319,80267500.000000
2026-01-21,248.024906,250.877143,244.514456,246.977753,54641700.000000
2026-01-22,248.523526,250.318643,247.476373,247.675842,39708300.000000
2026-01-23,246.648652,248.732975,244.015804,247.366684,41689000.000000
2026-01-26,250.797335,255.863547,249.121903,254.716675,55969200.000000
2026-01-27,258.466459,261.238911,257.509043,257.568878,49648300.000000
2026-01-28,256.950588,258.157295,253.819112,255.743881,41288000.000000
2026-01-29,257.299649,258.945164,253.719398,257.578888,67253000.000000
2026-01-30,254.477322,261.189048,251.495433,258.775635,92443400.000000
2026-02-02,259.324149,269.755747,258.506367,269.277069,73913400.000000
2026-02-03,268.469266,271.141984,266.883555,268.748505,64394700.000000
2026-02-04,271.550860,278.192785,271.550860,275.739441,90545700.000000
2026-02-05,277.374985,278.741262,272.488293,275.161011,52977400.000000
2026-02-06,276.367735,280.147456,276.178249,277.365021,50453400.000000
2026-02-09,277.414946,277.704438,271.216017,274.130798,44623400.000000
2026-02-10,274.400310,274.879436,272.453772,273.192444,34376900.000000
2026-02-11,274.210654,279.680872,273.961099,275.009216,51931300.000000
2026-02-12,275.099059,275.228832,259.716506,261.263763,81077200.000000
2026-02-13,261.543269,261.762878,254.994942,255.324356,56290700.000000
2026-02-17,257.590311,265.815653,255.084787,263.409943,58469100.000000
2026-02-18,263.130456,266.344721,261.982510,263.879120,34203300.000000
2026-02-19,262.132205,264.008861,259.586729,260.115784,30845300.000000
2026-02-20,258.508681,264.278384,257.700127,264.108673,42070500.000000
2026-02-23,263.020600,268.950021,262.910811,265.705811,37308200.000000
2026-02-24,267.382838,274.400344,267.233111,271.655243,47014600.000000
2026-02-25,271.295868,274.450243,270.567158,273.741516,33714300.000000
2026-02-26,274.460213,275.618120,270.317581,272.463776,32345100.000000
2026-02-27,272.324044,272.324044,262.421731,263.709412,72366500.000000
2026-03-02,261.942531,266.055186,259.736476,264.248413,41827900.000000
2026-03-03,263.010674,265.086955,259.666635,263.280182,38568900.000000
2026-03-04,264.178548,265.675876,260.954322,262.052338,39803100.000000
2026-03-05,260.325434,261.094051,256.791731,259.826324,49658600.000000
2026-03-06,258.169272,258.309007,253.916851,257.001343,41120000.000000
2026-03-09,255.234515,260.684780,253.228086,259.417053,38218500.000000
2026-03-10,257.191028,262.012442,256.492294,260.365356,30590800.000000
2026-03-11,260.624898,261.663054,259.087633,260.345398,26218900.000000
2026-03-12,258.199241,258.488733,253.727210,255.304398,40794000.000000
2026-03-13,255.024891,255.873368,249.075516,249.674438,36930000.000000
2026-03-16,251.660902,253.437730,249.434879,252.369644,32074200.000000
2026-03-17,252.509388,254.675521,251.730764,253.777115,32361600.000000
2026-03-18,252.179977,254.485859,248.556438,249.494766,35757900.000000
2026-03-19,248.955729,251.381408,246.859479,248.516525,34864100.000000
2026-03-20,247.538241,248.756069,245.561773,247.548233,88331100.000000
2026-03-23,253.517585,254.146468,249.834156,251.042007,40546100.000000
2026-03-24,249.904031,254.376046,249.105453,251.191727,45152300.000000
2026-03-25,253.647357,254.545748,251.151811,252.169983,28476700.000000
2026-03-26,251.670882,256.542193,250.323295,252.439514,41796700.000000
2026-03-27,253.447702,255.034881,247.628101,248.356796,47900000.000000
2026-03-30,249.624533,250.423096,245.072643,246.190659,39446200.000000
2026-03-31,247.468391,255.024898,246.659836,253.337906,49598100.000000
2026-04-01,253.627395,255.723645,252.878731,255.174637,40059400.000000
2026-04-02,253.747174,255.673744,250.203495,255.464111,31289400.000000
2026-04-06,256.053075,261.693005,256.003146,258.398865,29329900.000000
2026-04-07,255.703681,255.743619,245.262308,253.048416,62148000.000000
2026-04-08,257.989632,259.287304,256.073039,258.438812,41032800.000000
2026-04-09,258.538634,260.654853,255.613861,260.025970,28121600.000000
2026-04-10,259.516882,261.722936,258.558570,260.015991,31291500.000000
2026-04-13,259.267336,259.716516,256.202797,258.738281,36234700.000000
2026-04-14,258.788192,261.463411,256.731864,258.368927,48370700.000000
2026-04-15,257.700126,266.085157,257.350744,265.955383,49913500.000000
2026-04-16,266.324723,266.684098,260.804576,262.930786,43323100.000000
2026-04-17,266.484432,271.814916,266.244870,269.748627,61436200.000000
2026-04-20,269.848412,273.791388,269.808506,272.563568,36590200.000000
2026-04-21,271.016354,272.314026,264.927214,265.695862,50209800.000000
2026-04-22,267.342935,273.252372,266.394615,272.683411,43249200.000000
2026-04-23,274.560011,275.278729,271.166074,272.942902,33399600.000000
2026-04-24,272.274102,272.573555,269.169626,270.577118,38157100.000000
2026-04-27,265.615989,267.881934,264.597817,267.133270,41466800.000000
2026-04-28,271.854854,272.743283,268.181417,270.227753,40018900.000000
2026-04-29,267.073362,270.557166,266.564292,269.688721,30047900.000000
2026-04-30,270.018146,275.508349,267.662365,270.866638,91848200.000000
2026-05-01,278.363242,286.708366,277.874125,279.640991,79915400.000000
2026-05-04,279.161798,280.130071,274.370331,276.336823,46668400.000000
2026-05-05,276.436682,284.063087,276.007455,283.673767,49311700.000000
2026-05-06,281.417825,287.516927,280.569333,286.997864,58336100.000000
2026-05-07,288.754705,291.609627,285.270932,286.927979,45224300.000000
2026-05-08,289.493384,294.234923,289.483392,292.797485,52692800.000000
2026-05-11,291.728417,293.626774,289.979925,292.427795,42247300.000000
2026-05-12,292.307899,295.015556,292.307899,294.545959,45748100.000000
2026-05-13,293.247090,300.660709,293.247090,298.612457,52684300.000000
2026-05-14,299.561662,300.191124,295.125485,297.953033,35324900.000000
2026-05-15,297.643304,302.938756,296.264488,299.971313,54862800.000000
2026-05-18,299.981269,300.400921,294.655876,297.583344,34483000.000000
2026-05-19,296.714095,300.251053,296.094634,298.712372,42243600.000000
2026-05-20,297.923063,302.539077,297.823143,301.989563,38229800.000000
2026-05-21,300.800567,305.276717,300.141132,304.727173,42965100.000000
2026-05-22,305.856208,311.131657,305.576451,308.553894,43670200.000000
2026-05-26,309.293252,311.551314,307.404896,308.064301,48000500.000000
2026-05-27,308.064305,312.990080,308.034332,310.582153,50430900.000000
2026-05-28,310.412282,312.530451,309.303254,312.240723,48220400.000000
2026-05-29,311.511350,314.728576,309.263288,311.791107,70026800.000000
2026-06-01,309.363198,310.672066,304.757154,306.046051,48849900.000000
2026-06-02,307.195055,315.178190,306.425729,314.928406,44534700.000000
2026-06-03,313.909250,316.666882,308.583857,309.992645,50836700.000000
2026-06-04,312.960099,313.269830,309.383167,310.961823,44869100.000000
2026-06-05,312.590397,314.898435,306.885326,307.075165,65310500.000000
2026-06-08,308.473960,317.126501,300.910506,301.280182,77949100.000000
2026-06-09,300.021248,300.490844,287.532019,290.299622,70108800.000000
2026-06-10,290.489463,294.496017,287.132373,291.328735,52793300.000000
2026-06-11,293.466886,296.744059,289.340441,295.375244,42572500.000000
2026-06-12,295.774922,296.883982,289.370442,290.879150,38742100.000000
2026-06-15,293.866545,297.523395,291.448647,296.164581,45732600.000000
2026-06-16,294.995595,300.221099,293.716699,298.982147,39874400.000000
2026-06-17,300.590748,301.809698,294.106320,295.694977,42745100.000000
2026-06-18,297.853094,300.310996,295.365249,297.753204,85962200.000000
2026-06-22,297.053819,302.159431,296.504305,296.754089,44879900.000000
2026-06-23,297.283616,301.380089,293.926495,294.046387,52010900.000000
2026-06-24,295.105457,299.441744,292.687560,292.827423,53081900.000000
2026-06-25,287.152347,288.551135,273.514115,274.912903,107013700.000000
2026-06-26,274.763028,285.703605,273.973701,283.535461,261775500.000000
2026-06-29,286.482944,288.121515,279.608867,281.497223,66427000.000000
2026-06-30,280.927742,289.690174,280.458146,289.110657,65100200.000000
2026-07-01,293.187150,296.334430,288.950814,294.126343,50164200.000000
2026-07-02,293.866538,309.153372,293.426915,308.364044,75352800.000000
2026-07-06,307.095143,313.929276,306.735468,312.390594,53590000.000000
2026-07-07,315.018319,315.208157,309.882733,310.392303,42490000.000000
2026-07-08,311.641229,314.548725,306.785401,313.119965,41323500.000000
2026-07-09,310.242439,316.257240,307.894458,315.947510,48124500.000000
2026-07-10,314.448820,316.636936,311.901030,315.048309,34132300.000000
2026-07-13,316.746801,323.171284,315.507880,317.036560,43257800.000000
2026-07-14,313.489656,315.917555,311.641244,314.588684,36336800.000000
2026-07-15,317.346312,328.446755,317.046583,327.217804,60957600.000000
2026-07-16,327.727363,334.391599,326.508413,332.972839,62970600.000000
2026-07-17,331.693930,334.701315,328.716487,333.452393,63407100.000000
2026-07-20,333.222613,333.422423,323.401067,326.308563,53468000.000000
2026-07-21,322.851568,329.315994,321.942348,327.457581,41338900.000000
2026-07-22,327.587466,328.716497,323.061371,325.609192,38755900.000000
2026-07-23,321.452790,323.021414,319.074836,321.382843,40840800.000000
2026-07-24,321.512728,334.081875,321.342861,332.733032,47489400.000000
2026-07-27,334.251737,339.277401,333.732166,336.619690,49604300.000000
2026-07-28,339.736982,342.594533,335.310806,339.786926,51859000.000000
2026-07-29,339.437272,344.273097,337.059318,337.898590,56090800.000000
2026-07-30,332.812967,334.461540,329.305982,333.142670,74817800.000000
2026-07-31,304.547356,310.422294,299.741503,308.643829,132489100.000000
2026-08-03,309.313235,311.531323,302.299295,303.158569,75052000.000000
2026-08-04,302.469140,310.152516,301.060351,309.113403,68001000.000000
2026-08-05,309.093424,311.441405,305.406631,310.732025,49438800.000000
2026-08-06,314.069138,316.017470,308.963556,312.140808,46139900.000000
2026-08-07,311.181643,314.538733,310.472233,313.059998,34437200.000000
2026-08-10,306.829987,308.260010,304.609985,308.260010,44812500.000000
2026-08-11,307.750000,309.970001,302.790009,304.910004,37476700.000000
2026-08-12,305.100006,305.660004,300.570007,302.250000,41657800.000000
2026-08-13,304.209991,306.000000,302.049988,305.260010,40349300.000000
2026-08-14,306.000000,307.489990,304.299988,305.929993,28229400.000000
2026-08-17,306.209991,307.660004,302.940002,305.589996,38169300.000000
2026-08-18,307.579987,311.489990,305.739990,310.029999,53424500.000000
2026-08-19,310.140015,319.279999,309.600006,316.829987,50505600.000000
2026-08-20,317.459991,320.279999,310.649994,311.299988,40959200.000000
2026-08-21,312.049988,312.380005,307.010010,309.350006,46876800.000000
2026-08-24,311.470001,313.359985,309.970001,310.339996,34673600.000000
2026-08-25,310.790009,313.589996,308.209991,309.899994,25869800.000000
2026-08-26,310.299988,315.429993,308.799988,313.450012,34024500.000000
2026-08-27,310.549988,315.399994,309.399994,314.579987,32419200.000000
2026-08-28,316.850006,322.369995,315.450012,319.700012,38649400.000000
2026-08-31,319.600006,321.239990,312.799988,316.850006,41242700.000000
2026-09-01,316.980011,327.299988,314.730011,325.130005,53167400.000000
2026-09-02,326.869995,328.399994,323.529999,324.959991,33776400.000000
2026-09-03,324.869995,330.809998,324.109985,328.209991,37225800.000000
2026-09-04,328.309998,328.929993,317.859985,319.970001,39606900.000000
2026-09-08,317.100006,320.700012,314.899994,316.220001,35477100.000000
2026-09-09,315.489990,319.149994,309.899994,315.339996,65640000.000000
2026-09-10,316.670013,326.739990,316.510010,326.570007,70011900.000000
2026-09-11,327.450012,336.220001,326.299988,332.269989,50716900.000000
2026-09-14,334.790009,335.500000,331.339996,333.079987,39269100.000000
2026-09-15,330.140015,331.779999,328.350006,331.339996,31748200.000000
2026-09-16,332.529999,335.480011,330.700012,332.410004,35981000.000000
2026-09-17,334.769989,338.339996,330.179993,337.000000,36700200.000000
2026-09-18,337.910004,338.489990,332.529999,336.130005,86588200.000000
2026-09-21,335.279999,339.640015,333.049988,338.980011,34999200.000000
2026-09-22,340.140015,345.339996,338.750000,339.750000,40711800.000000
2026-09-23,341.079987,341.799988,335.500000,337.019989,31658800.000000
2026-09-24,336.720001,338.910004,334.299988,335.920013,24733100.000000
2026-09-25,336.040009,341.670013,334.529999,341.070007,30002500.000000
2026-09-28,340.369995,342.989990,338.040009,338.399994,32820800.000000
2026-09-29,336.970001,337.089996,328.700012,329.399994,38478000.000000
2026-09-30,330.799988,339.500000,330.140015,333.019989,49988600.000000
2026-10-01,330.000000,332.480011,325.809998,330.320007,36306300.000000
2026-10-02,333.260010,334.540009,330.609985,333.690002,33278600.000000
2026-10-05,332.820007,336.209991,331.649994,332.890015,34400900.000000
2026-10-06,332.279999,334.380005,330.619995,333.630005,30449000.000000
2026-10-07,336.959991,338.670013,332.779999,336.670013,34128200.000000
